run_id,trial_role,score,cost_seconds,converged,geko_csep,geko_cnw,geko_cmix,geko_cjet
alpha1.0_Re5600_geko_default,baseline,1.765932114,30.8964,true,1.75,0.5,0,1
alpha1.0_Re5600_Csep1.3643_Cnw-1.8964_Cmix0.8086_Cjet1.0643,optimizer,2.920767767,28.8778,true,1.364306727,-1.896435116,0.8086272794,1.064251592
alpha1.0_Re5600_Csep2.2643_Cnw0.1036_Cmix0.2086_Cjet0.4643,optimizer,2.34315077,30.3483,true,2.264306727,0.1035648836,0.2086272794,0.4642515918
alpha1.0_Re5600_Csep0.9143_Cnw-0.8964_Cmix0.5086_Cjet0.1643,optimizer,1.870802743,28.0940,true,0.914306727,-0.8964351164,0.5086272794,0.1642515918
alpha1.0_Re5600_Csep1.8143_Cnw1.1036_Cmix-0.0914_Cjet0.7643,optimizer,2.15618389,34.9790,true,1.814306727,1.103564884,-0.09137272064,0.7642515918
alpha1.0_Re5600_Csep2.0393_Cnw-0.3964_Cmix0.3586_Cjet0.0143,optimizer,2.577567618,28.7822,true,2.039306727,-0.3964351164,0.3586272794,0.01425159179
alpha1.0_Re5600_Csep1.1393_Cnw1.6036_Cmix0.9586_Cjet0.6143,optimizer,1.51186008,31.1282,true,1.139306727,1.603564884,0.9586272794,0.6142515918
alpha1.0_Re5600_Csep2.4893_Cnw-1.3964_Cmix0.0586_Cjet0.3143,optimizer,3.528382321,31.4505,true,2.489306727,-1.396435116,0.05862727936,0.3142515918
alpha1.0_Re5600_Csep1.5893_Cnw0.6036_Cmix0.6586_Cjet0.9143,optimizer,1.664268223,27.3448,true,1.589306727,0.6035648836,0.6586272794,0.9142515918
alpha1.0_Re5600_Csep2.5_Cnw2_Cmix1_Cjet1.2,optimizer,2.639399665,29.8701,true,2.5,2,1,1.2
alpha1.0_Re5600_Csep0.7_Cnw2_Cmix-0.2_Cjet0,optimizer,1.277062332,32.2847,true,0.7,2,-0.2,0
alpha1.0_Re5600_Csep0.7_Cnw2_Cmix1_Cjet0,optimizer,1.355781979,29.7673,true,0.7,2,1,0
alpha1.0_Re5600_Csep0.7_Cnw2_Cmix0.5162_Cjet1.0065,optimizer,1.208487309,30.1906,true,0.7,2,0.5162391014,1.006537309
alpha1.0_Re5600_Csep0.7_Cnw2_Cmix-0.2_Cjet1.2,optimizer,1.197222507,32.5369,true,0.7,2,-0.2,1.2
alpha1.0_Re5600_Csep0.7_Cnw2_Cmix0.3349_Cjet0.4572,optimizer,1.243880405,30.3926,true,0.7,2,0.3348570396,0.4571713215
alpha1.0_Re5600_Csep2.5_Cnw2_Cmix1_Cjet0,optimizer,2.806499958,30.3976,true,2.5,2,1,0
alpha1.0_Re5600_Csep0.7_Cnw2_Cmix0.2224_Cjet1.2,optimizer,1.198483903,32.6292,true,0.7,2,0.2224231046,1.2
alpha1.0_Re5600_Csep0.7_Cnw1.6036_Cmix0.5775_Cjet0.7094,optimizer,1.110406732,31.1488,true,0.7,1.603639251,0.5774694722,0.7093748862
alpha1.0_Re5600_Csep0.7_Cnw1.3449_Cmix0.6007_Cjet0.6799,optimizer,1.035818273,27.7222,true,0.7,1.344931109,0.6006823997,0.6799240883
alpha1.0_Re5600_Csep0.7_Cnw1.2071_Cmix0.6107_Cjet0.6676,optimizer,0.9974025579,27.9228,true,0.7,1.207127749,0.6106650376,0.6676036406
alpha1.0_Re5600_Csep0.7_Cnw0.9091_Cmix0.6271_Cjet0.6377,optimizer,0.9202541991,27.0193,true,0.7,0.9090596322,0.627051987,0.6376920947
alpha1.0_Re5600_Csep0.7_Cnw0.7786_Cmix0.6325_Cjet0.6229,optimizer,0.8895627598,26.3357,true,0.7,0.7786365599,0.6325134812,0.6228958041
alpha1.0_Re5600_Csep0.7_Cnw0.6222_Cmix0.6355_Cjet0.6041,optimizer,0.8552846192,26.8205,true,0.7,0.6221759188,0.6355388827,0.6041076509
alpha1.0_Re5600_Csep0.7_Cnw0.4859_Cmix0.6352_Cjet0.5874,optimizer,0.8327795751,26.3714,true,0.7,0.4859435891,0.6351768988,0.5873908079
alpha1.0_Re5600_Csep0.7_Cnw0.3276_Cmix0.6327_Cjet0.5686,optimizer,0.8584170689,26.5763,true,0.7,0.3276381945,0.6326765632,0.5686426497
alpha1.0_Re5600_Csep0.7_Cnw0.526_Cmix0.6318_Cjet0.5391,optimizer,0.8399613268,26.7305,true,0.7,0.5259678663,0.6318194449,0.5390616243
alpha1.0_Re5600_Csep0.7_Cnw0.4936_Cmix0.5789_Cjet0.586,optimizer,0.8269573734,33.7558,true,0.7,0.4935657793,0.5789202195,0.5859966066
alpha1.0_Re5600_Csep0.7_Cnw-2_Cmix-0.2_Cjet1.2,optimizer,2.09486877,31.0108,true,0.7,-2,-0.2,1.2
alpha1.0_Re5600_Csep0.7_Cnw2_Cmix1_Cjet1.2,optimizer,1.276038693,31.0206,true,0.7,2,1,1.2
alpha1.0_Re5600_Csep0.7_Cnw0.6297_Cmix0.4635_Cjet0.672,optimizer,0.8362187668,27.0742,true,0.7,0.6297461972,0.4634746938,0.6720043146
alpha1.0_Re5600_Csep0.7_Cnw0.664_Cmix0.4508_Cjet0.5904,optimizer,0.8498005753,27.2424,true,0.7,0.6639951999,0.4508413466,0.5904374202
alpha1.0_Re5600_Csep0.7_Cnw0.5971_Cmix0.5129_Cjet0.8306,optimizer,0.8196074828,35.0037,true,0.7,0.597091026,0.5129316674,0.8306283013
alpha1.0_Re5600_Csep0.7_Cnw0.659_Cmix0.4718_Cjet0.9236,optimizer,0.821563839,37.1622,true,0.7,0.6589775182,0.4717850437,0.9236215627
alpha1.0_Re5600_Csep0.7_Cnw0.6181_Cmix0.5456_Cjet0.9584,optimizer,0.8159249111,37.1832,true,0.7,0.6180927815,0.5455879743,0.9583766823
alpha1.0_Re5600_Csep0.7_Cnw0.6522_Cmix0.5383_Cjet1.2,optimizer,0.8365555115,37.6240,true,0.7,0.6521933895,0.5382511389,1.2
alpha1.0_Re5600_Csep0.7_Cnw0.7647_Cmix0.5346_Cjet1.0501,optimizer,0.8490903842,37.9602,true,0.7,0.7647424295,0.5345659458,1.050073836
alpha1.0_Re5600_Csep0.7_Cnw0.4788_Cmix0.525_Cjet0.9503,optimizer,0.7930690761,37.6119,true,0.7,0.4787643845,0.5250236009,0.9503137957
alpha1.0_Re5600_Csep0.7_Cnw0.3542_Cmix0.5083_Cjet1.0211,optimizer,0.8082041565,37.2744,true,0.7,0.3542069694,0.5082657917,1.021097242
alpha1.0_Re5600_Csep0.7_Cnw0.4264_Cmix0.7234_Cjet1.2,optimizer,0.8307657578,37.3014,true,0.7,0.4264304702,0.7234250597,1.2
alpha1.0_Re5600_Csep0.7_Cnw0.3511_Cmix0.5148_Cjet0.904,optimizer,0.8156822677,36.6505,true,0.7,0.3511447281,0.5148181827,0.9039703434
alpha1.0_Re5600_Csep0.7_Cnw0.2417_Cmix1_Cjet1.2,optimizer,0.8848569947,35.9616,true,0.7,0.2417403362,1,1.2
alpha1.0_Re5600_Csep0.7_Cnw-0.0121_Cmix1_Cjet0,optimizer,1.006977357,35.8055,true,0.7,-0.01214677559,1,0
alpha1.0_Re5600_Csep2.5_Cnw2_Cmix-0.2_Cjet0,optimizer,3.495367433,48.8657,true,2.5,2,-0.2,0
alpha1.0_Re5600_Csep0.7_Cnw-2_Cmix1_Cjet0,optimizer,2.282926812,35.9638,true,0.7,-2,1,0
alpha1.0_Re5600_Csep0.7_Cnw0.6484_Cmix0.6131_Cjet0,optimizer,0.9115642574,36.8775,true,0.7,0.6483579558,0.6130511382,0
alpha1.0_Re5600_Csep0.7_Cnw-0.0029_Cmix-0.2_Cjet0,optimizer,0.9354748319,41.8083,true,0.7,-0.002926300634,-0.2,0
alpha1.0_Re5600_Csep0.7_Cnw0.5344_Cmix0.199_Cjet0,optimizer,0.8508930096,38.0682,true,0.7,0.5344429809,0.1990097687,0
alpha1.0_Re5600_Csep0.7_Cnw0.614_Cmix0.0586_Cjet0.1882,optimizer,0.8395242601,39.4091,true,0.7,0.6139800312,0.05864610961,0.1882054256
alpha1.0_Re5600_Csep0.7_Cnw0.7067_Cmix0.2688_Cjet0.1903,optimizer,0.8785615475,38.3625,true,0.7,0.7066558194,0.2688195311,0.1903216229
alpha1.0_Re5600_Csep0.7_Cnw0.6303_Cmix-0.0091_Cjet0,optimizer,0.8551376946,39.5499,true,0.7,0.6302897675,-0.009146600954,0
alpha1.0_Re5600_Csep0.7_Cnw0.6568_Cmix-0.2_Cjet0.298,optimizer,0.8517017815,45.1556,true,0.7,0.6568141339,-0.2,0.2980491794
alpha1.0_Re5600_Csep0.7_Cnw0.8971_Cmix-0.2_Cjet0.5512,optimizer,0.88698108,34.9261,true,0.7,0.897097549,-0.2,0.5511811921
alpha1.0_Re5600_Csep0.7_Cnw0.8_Cmix-0.0066_Cjet0.4077,optimizer,0.8586952884,29.2294,true,0.7,0.7999975793,-0.006615750604,0.4077339532
alpha1.0_Re5600_Csep0.7_Cnw0.6323_Cmix1_Cjet0.267,optimizer,0.9183323241,26.5897,true,0.7,0.6323231909,1,0.2670002243
alpha1.0_Re5600_Csep0.7_Cnw0.2978_Cmix-0.2_Cjet0.4388,optimizer,0.8373949354,31.0716,true,0.7,0.2977659583,-0.2,0.4388092211
alpha1.0_Re5600_Csep0.7_Cnw0.4684_Cmix-0.2_Cjet0.7821,optimizer,0.7810296126,32.0545,true,0.7,0.4683902518,-0.2,0.7820925692
alpha1.0_Re5600_Csep0.7_Cnw0.5266_Cmix-0.2_Cjet0.8747,optimizer,0.7738637074,36.7324,true,0.7,0.5265604521,-0.2,0.8747411313
alpha1.0_Re5600_Csep0.7_Cnw0.3747_Cmix-0.2_Cjet0.9072,optimizer,0.784568979,44.7913,true,0.7,0.3746974792,-0.2,0.9071654302
alpha1.0_Re5600_Csep0.7_Cnw0.548_Cmix-0.1148_Cjet0.8605,optimizer,0.7721832168,30.9517,true,0.7,0.5479842181,-0.1147590946,0.8604530331
alpha1.0_Re5600_Csep0.7_Cnw0.5977_Cmix-0.2_Cjet1.0767,optimizer,0.7845603599,32.9863,true,0.7,0.5976852707,-0.2,1.076706811
alpha1.0_Re5600_Csep0.7_Cnw0.6121_Cmix-0.1116_Cjet0.9752,optimizer,0.775561928,30.7771,true,0.7,0.612088227,-0.1116066402,0.9751808195
alpha1.0_Re5600_Csep0.7_Cnw0.5928_Cmix-0.0958_Cjet1.2,optimizer,0.7851984716,30.9635,true,0.7,0.5927654715,-0.09577781515,1.2
alpha1.0_Re5600_Csep0.7_Cnw0.5106_Cmix-0.2_Cjet1.2,optimizer,0.7770591455,32.3648,true,0.7,0.5105555762,-0.2,1.2
alpha1.0_Re5600_Csep0.7_Cnw0.7129_Cmix-0.2_Cjet1.2,optimizer,0.8207955638,32.6938,true,0.7,0.7129192114,-0.2,1.2
alpha1.0_Re5600_Csep0.7_Cnw0.344_Cmix-0.1692_Cjet1.2,optimizer,0.7960896194,36.7741,true,0.7,0.3440485774,-0.1692204262,1.2
alpha1.0_Re5600_Csep0.7_Cnw0.6475_Cmix0.04_Cjet1.0924,optimizer,0.7829391011,34.3708,true,0.7,0.6474510256,0.03997542633,1.092421016
alpha1.0_Re5600_Csep0.7_Cnw0.6786_Cmix-0.0052_Cjet0.8847,optimizer,0.7887582823,33.8556,true,0.7,0.6785657848,-0.005225551538,0.8847230787
alpha1.0_Re5600_Csep0.7_Cnw0.6669_Cmix0.0958_Cjet1.2,optimizer,0.8013961148,33.4703,true,0.7,0.6668868024,0.09578682282,1.2
alpha1.0_Re5600_Csep0.811_Cnw0.4563_Cmix-0.2_Cjet1.2,optimizer,0.8459879067,40.8522,true,0.8110057402,0.4562926141,-0.2,1.2
alpha1.0_Re5600_Csep0.7_Cnw0.3977_Cmix1_Cjet0.8655,optimizer,0.8532625473,30.4390,true,0.7,0.3977228847,1,0.8654508546
alpha1.0_Re5600_Csep0.7_Cnw0.5642_Cmix-0.0718_Cjet0.7174,optimizer,0.7842236791,34.1542,true,0.7,0.5642497208,-0.07176651439,0.717444663
alpha1.0_Re5600_Csep0.7_Cnw0.4963_Cmix1_Cjet0.6022,optimizer,0.8614158938,29.5397,true,0.7,0.4962669583,1,0.6021697761
alpha1.0_Re5600_Csep0.7_Cnw1.1235_Cmix0.2732_Cjet0,optimizer,1.003483182,31.2122,true,0.7,1.123487589,0.2732402884,0
alpha1.0_Re5600_Csep0.7_Cnw0.6808_Cmix-0.115_Cjet0.8031,optimizer,0.8058776546,35.4242,true,0.7,0.6808440774,-0.1149842051,0.8030699877
alpha1.0_Re5600_Csep0.7_Cnw0.4901_Cmix-0.0331_Cjet0.913,optimizer,0.7522643316,34.8794,true,0.7,0.4901205522,-0.03314722671,0.9130065706
alpha1.0_Re5600_Csep0.7_Cnw0.4117_Cmix0.0415_Cjet0.864,optimizer,0.7689450593,32.9835,true,0.7,0.4116695245,0.04146740138,0.8639576706
alpha1.0_Re5600_Csep2.5_Cnw2_Cmix-0.2_Cjet1.2,optimizer,3.287375844,40.0867,true,2.5,2,-0.2,1.2
alpha1.0_Re5600_Csep0.7836_Cnw0.4607_Cmix-0.0091_Cjet0.9087,optimizer,0.7850966375,35.3190,true,0.783613705,0.4606938773,-0.009116860795,0.9086756506
alpha1.0_Re5600_Csep0.7_Cnw0.3625_Cmix0.0289_Cjet0.573,optimizer,0.8005406876,32.9216,true,0.7,0.36246766,0.02885205125,0.5730320046
alpha1.0_Re5600_Csep0.9136_Cnw0.4412_Cmix-0.0242_Cjet0.505,optimizer,1.029415696,36.6230,true,0.9136149168,0.4411610158,-0.02415302515,0.5049996858
alpha1.0_Re5600_Csep0.9503_Cnw0.6228_Cmix0.2964_Cjet1.2,optimizer,1.064558259,34.4321,true,0.9502638297,0.6227513748,0.2963793747,1.2
alpha1.0_Re5600_Csep0.7_Cnw-0.0164_Cmix0.0728_Cjet0,optimizer,0.9276955226,32.1960,true,0.7,-0.01640201741,0.07277699724,0
alpha1.0_Re5600_Csep1.0553_Cnw0.5071_Cmix1_Cjet0,optimizer,1.379617839,33.3444,true,1.055265032,0.5071416544,1,0
alpha1.0_Re5600_Csep0.7_Cnw0.4602_Cmix0.0031_Cjet0.982,optimizer,0.7481639919,34.7858,true,0.7,0.460155842,0.003087978207,0.9820490561
alpha1.0_Re5600_Csep0.7_Cnw-2_Cmix-0.2_Cjet0,optimizer,2.21249678,35.2533,true,0.7,-2,-0.2,0
alpha1.0_Re5600_Csep0.7_Cnw0.7441_Cmix1_Cjet1.0737,optimizer,0.8869144013,29.7230,true,0.7,0.7441150008,1,1.073683405
alpha1.0_Re5600_Csep2.5_Cnw-2_Cmix1_Cjet1.2,optimizer,3.494555473,30.8551,true,2.5,-2,1,1.2
alpha1.0_Re5600_Csep1.0075_Cnw0.5498_Cmix1_Cjet1.2,optimizer,1.218646438,33.7226,true,1.007547502,0.5497848493,1,1.2
alpha1.0_Re5600_Csep0.9599_Cnw0.5472_Cmix0.5132_Cjet0.6647,optimizer,1.11582073,34.5083,true,0.9599230151,0.5471863749,0.5132477044,0.6647480474
alpha1.0_Re5600_Csep0.7_Cnw1.0841_Cmix1_Cjet0.6898,optimizer,0.9957432844,31.4892,true,0.7,1.084128047,1,0.6897914458
alpha1.0_Re5600_Csep0.7_Cnw0.4837_Cmix0.128_Cjet0.9972,optimizer,0.7541618287,32.7487,true,0.7,0.4837220098,0.1280336665,0.9971702131
alpha1.0_Re5600_Csep0.7_Cnw0.3994_Cmix0.1039_Cjet1.0754,optimizer,0.7709749332,32.4062,true,0.7,0.3994387674,0.1039140633,1.075386596
alpha1.0_Re5600_Csep0.7_Cnw0.3315_Cmix0.8118_Cjet1.0157,optimizer,0.8374722578,30.3447,true,0.7,0.331503632,0.8117869413,1.015706249
alpha1.0_Re5600_Csep0.7_Cnw0.1981_Cmix0.4331_Cjet0,optimizer,0.9129602177,30.6000,true,0.7,0.1980813355,0.4331231341,0
alpha1.0_Re5600_Csep0.7_Cnw0.5504_Cmix0.2547_Cjet1.0687,optimizer,0.7787227516,31.8906,true,0.7,0.5504381959,0.2547219455,1.068687387
alpha1.0_Re5600_Csep2.5_Cnw-2_Cmix-0.2_Cjet1.2,optimizer,4.462865882,40.8534,true,2.5,-2,-0.2,1.2
alpha1.0_Re5600_Csep0.7_Cnw0.2899_Cmix-0.0157_Cjet0.3336,optimizer,0.8319622554,34.1604,true,0.7,0.2899032044,-0.01566076298,0.333592699
alpha1.0_Re5600_Csep2.5_Cnw-2_Cmix1_Cjet0,optimizer,3.684939112,30.8929,true,2.5,-2,1,0
alpha1.0_Re5600_Csep0.7_Cnw0.5995_Cmix0.1402_Cjet0.6706,optimizer,0.8017065927,32.2530,true,0.7,0.5994965584,0.1401540267,0.6705527608
alpha1.0_Re5600_Csep0.7_Cnw0.5083_Cmix0.2234_Cjet0.9184,optimizer,0.7684715248,31.7139,true,0.7,0.508274566,0.2234159275,0.9183851396
alpha1.0_Re5600_Csep0.9838_Cnw0.495_Cmix-0.2_Cjet0,optimizer,1.221577561,41.1532,true,0.9837858911,0.4950098171,-0.2,0
alpha1.0_Re5600_Csep0.8665_Cnw0.5103_Cmix-0.2_Cjet0.8701,optimizer,0.9062809379,35.5097,true,0.8665043218,0.5102885286,-0.2,0.8701101789
alpha1.0_Re5600_Csep0.7_Cnw0.0528_Cmix1_Cjet0.3858,optimizer,0.9584621456,25.1644,true,0.7,0.05275968301,1,0.3858479523
alpha1.0_Re5600_Csep0.7_Cnw0.4826_Cmix0.1793_Cjet0.4245,optimizer,0.8080381229,27.4024,true,0.7,0.4825778725,0.1793276459,0.4245001404
alpha1.0_Re5600_Csep0.7_Cnw0.8335_Cmix0.8098_Cjet1.2,optimizer,0.9030360534,26.1589,true,0.7,0.8335480579,0.809778214,1.2
alpha1.0_Re5600_Csep0.7_Cnw-2_Cmix1_Cjet1.2,optimizer,2.16690198,25.5490,true,0.7,-2,1,1.2
alpha1.0_Re5600_Csep0.7_Cnw0.4228_Cmix0.7652_Cjet0.1809,optimizer,0.8881000837,26.1638,true,0.7,0.4227556902,0.7651992759,0.180939704
alpha1.0_Re5600_Csep0.7_Cnw0.7203_Cmix0.5585_Cjet0.2494,optimizer,0.9018480989,32.6244,true,0.7,0.7203388431,0.5584769075,0.2493838599
alpha1.0_Re5600_Csep1.0196_Cnw0.5408_Cmix0.3576_Cjet0,optimizer,1.277055802,43.1927,true,1.019606428,0.5407681612,0.3576274386,0
alpha1.0_Re5600_Csep0.7_Cnw2_Cmix0.8353_Cjet0.404,optimizer,1.299078595,42.9294,true,0.7,2,0.8353161355,0.404039308
alpha1.0_Re5600_Csep1.0523_Cnw0.2392_Cmix1_Cjet0.6639,optimizer,1.40381477,40.1027,true,1.052282361,0.2392090005,1,0.6639135637
alpha1.0_Re5600_Csep1.363_Cnw2_Cmix0.5291_Cjet1.2,optimizer,1.800610073,43.9173,true,1.36300499,2,0.5291134976,1.2
alpha1.0_Re5600_Csep0.7_Cnw0.1995_Cmix0.2183_Cjet0.2302,optimizer,0.8744996983,38.3184,true,0.7,0.1994701547,0.2182760989,0.2301558469
alpha1.0_Re5600_Csep0.7_Cnw0.7259_Cmix1_Cjet0,optimizer,0.9633545505,29.8911,true,0.7,0.7259184112,1,0
alpha1.0_Re5600_Csep0.7_Cnw2_Cmix-0.2_Cjet0.6222,optimizer,1.214994267,36.8761,true,0.7,2,-0.2,0.6221970964
alpha1.0_Re5600_Csep0.7_Cnw0.4358_Cmix-0.0624_Cjet1.0454,optimizer,0.7592390468,35.6208,true,0.7,0.4358175159,-0.06243503411,1.045369014
alpha1.0_Re5600_Csep1.6196_Cnw2_Cmix0.4494_Cjet0.5097,optimizer,2.107554573,33.3915,true,1.619591988,2,0.4494193973,0.509717514
alpha1.0_Re5600_Csep0.7_Cnw0.424_Cmix0.2838_Cjet1.2,optimizer,0.7933627745,33.7212,true,0.7,0.4239892362,0.2838135346,1.2
alpha1.0_Re5600_Csep0.7_Cnw0.682_Cmix-0.2_Cjet0,optimizer,0.8833159961,32.2554,true,0.7,0.6820160613,-0.2,0
alpha1.0_Re5600_Csep0.7_Cnw0.6079_Cmix0.1421_Cjet0.9239,optimizer,0.7817749647,28.2577,true,0.7,0.6079085181,0.1421370498,0.9239057683
alpha1.0_Re5600_Csep0.7_Cnw0.3527_Cmix0.2169_Cjet0.99,optimizer,0.7825017629,27.4378,true,0.7,0.3526538143,0.2169059157,0.9900331743
