iteration,seconds
1,0.010193200000003344
2,0.00026629999999272513
3,0.00011359999999172032
4,9.940000001051885e-05
5,9.509999998158492e-05
6,9.439999999472093e-05
7,9.380000000192013e-05
8,0.00014529999998558196
9,9.860000000116997e-05
10,9.239999999977044e-05
11,8.830000001580629e-05
12,9.130000000823202e-05
13,8.869999999205902e-05
14,8.800000000519503e-05
15,8.690000001365661e-05
16,0.00011719999997694686
17,9.119999998574713e-05
18,8.940000000734472e-05
19,9.14000000022952e-05
20,8.869999999205902e-05
21,8.730000001833105e-05
22,8.900000000267028e-05
23,8.739999998397252e-05
24,8.790000001113185e-05
25,8.809999999925822e-05
26,0.0002673000000186221
27,0.00010449999999195825
28,9.339999999724569e-05
29,9.049999999888314e-05
30,8.940000000734472e-05
31,8.960000002389279e-05
32,9.090000000355758e-05
33,9.06999999870095e-05
34,9.579999999687061e-05
35,9.039999997639825e-05
36,9.02000000166936e-05
37,0.0019265999999902306
38,0.0005722999999875356
39,0.00011409999999045795
40,9.620000000154505e-05
41,9.420000000659456e-05
42,9.289999999850806e-05
43,0.00010689999999158317
44,9.339999999724569e-05
45,9.170000001290646e-05
46,9.1999999995096e-05
47,9.059999999294632e-05
48,9.109999999168394e-05
49,0.00010560000001191838
50,9.359999998537205e-05
51,0.0006115999999849464
52,0.00012499999999704414
53,0.00014749999999708052
54,9.829999999055872e-05
55,9.300000002099296e-05
56,9.520000000406981e-05
57,9.180000000696964e-05
58,9.370000000785694e-05
59,9.409999998410967e-05
60,4.781430099999994
61,2.1871718999999814
62,2.908782899999977
63,1.9395032000000185
64,3.771502499999997
65,1.9149279000000092
66,2.270842200000004
67,2.650421599999987
68,2.230398000000008
69,1.6655556999999988
70,2.0703913000000114
71,2.2721290000000067
72,2.074709299999995
73,1.3376981000000114
74,2.440614199999999
75,2.2787807999999927
76,4.489409600000016
77,1.5105900000000076
78,2.220062200000001
79,2.8431003000000032
80,2.519677700000017
81,3.2454611
82,1.5047518000000082
83,1.6986283999999898
84,3.6377224999999953
85,4.523743599999989
86,3.4795488999999975
87,4.876942799999995
88,3.0752529000000095
89,3.905167299999988
90,2.7234717999999987
91,2.358068799999984
92,2.5604197000000113
93,2.166306200000008
94,2.353271700000022
95,2.41640959999998
96,2.321011800000008
97,2.2317785000000185
98,2.5514195999999743
99,2.8060120000000097
100,2.8285512999999582
101,3.269988899999987
102,2.9117718999999624
103,3.4381945000000087
104,2.945531399999993
105,2.8333582999999862
106,2.8087537999999768
107,3.002480099999957
108,2.934755999999993
109,3.0949366000000396
110,3.23239430000001
111,5.637865900000008
112,3.2337641000000303
113,3.025442700000042
114,3.2258640000000014
115,3.854072599999995
116,3.111389700000018
117,3.1875885999999696
118,3.5134871000000203
119,3.687720499999955
120,3.6432144000000335
121,3.727220499999987
122,4.004379700000015
123,3.361603500000001
124,3.760739200000046
125,3.7650432000000364
126,3.5131238999999823
127,4.26427179999996
128,3.8275330000000167
129,4.0889847999999915
130,3.5911528999999973
131,3.48373799999996
132,3.51051769999998
133,3.4931612000000314
134,3.409476999999981
135,3.449448000000018
136,3.2572045000000003
137,3.2376014999999825
138,3.5577754000000255
139,3.9887588999999934
140,4.355042700000013
141,4.95437940000005
142,7.922444100000007
143,4.543787500000008
144,3.815059499999961
145,3.902596200000005
146,5.118813100000011
147,4.691974499999958
148,4.240684000000044
149,5.188343499999974
150,5.026520000000005
151,4.7414708999999675
152,4.090235800000016
153,4.489642300000014
154,4.597260500000004
155,4.386430399999995
156,4.123742900000025
157,4.4447092999999995
158,4.253416000000016
159,4.54697660000005
160,4.34139110000001
161,4.7429434000000015
162,4.606541199999924
163,4.4973092999999835
164,4.377837699999986
165,4.775411400000053
166,4.725135099999989
167,5.13034760000005
168,5.1025511999999935
169,5.1344627999999375
170,4.486024400000019
171,4.431837900000005
172,4.116494399999965
173,3.597726499999908
174,2.594752999999969
175,5.2035971000000245
176,5.276545400000032
177,4.607657399999994
178,4.830450799999994
179,4.820747299999994
180,2.8645844000000125
181,5.580148399999985
182,5.941646100000071
183,6.158686400000079
184,6.005162799999994
185,5.032058600000028
186,3.7337885999999116
187,4.819039900000007
188,7.306869000000006
189,6.6148986000000605
190,5.531776799999989
191,4.01621949999992
192,6.885488699999996
193,7.471382500000004
194,5.781515300000024
195,5.58777520000001
196,4.445746699999972
197,7.484941100000015
198,7.633547200000066
199,6.2480319999999665
200,3.538709600000061
201,5.92319329999998
202,5.984996600000045
203,3.279299100000003
204,3.3964910000000827
205,3.240429699999936
206,2.7455148000000236
207,3.2270315999999184
208,2.7023357000000487
209,2.8775044999999864
210,3.068536999999992
211,2.9682511000000886
212,3.399316399999975
213,3.228069699999992
214,3.0296165999999403
215,3.7868968000000223
216,3.053153899999984
217,3.152752600000099
218,3.419379499999991
219,3.2069245999999794
220,3.5176826000000574
221,3.8192282999999634
222,3.5549594999999954
223,3.869703299999969
224,3.664045500000043
225,3.3190832000000228
226,3.7276687999999467
227,3.379363200000057
228,3.208204500000079
229,3.959128400000054
230,3.539332400000035
231,3.6140159000000267
232,3.7975278000000117
233,3.922769600000038
234,3.7920854999999847
235,3.7567688999999973
236,4.498506499999962
237,4.08983760000001
238,3.949423900000056
239,3.669776299999967
240,3.944786299999919
241,4.241908500000022
242,4.224092299999938
243,4.2422842999999375
244,4.31917820000001
245,3.8611528000000135
246,3.9923638999999866
247,4.0416713000000755
248,3.8771668000000545
249,4.040629200000012
250,3.8930160999999543
251,4.190102799999977
252,4.118710799999917
253,4.526987500000018
254,4.670141000000058
255,4.606159199999979
256,3.9607800999999654
257,4.599832200000037
258,4.4151858000000175
259,4.365779900000007
260,4.599889599999983
261,5.064735700000028
262,4.760573000000022
263,4.741863599999988
264,4.702341300000057
265,5.101591000000099
266,5.019793400000026
267,5.670304500000043
268,5.288036299999931
269,5.640281899999991
270,4.785962300000051
271,5.34859490000008
272,5.123419899999931
273,5.735654100000033
274,5.6242798000000676
275,5.018007300000022
276,4.915134599999988
277,5.399116900000081
278,5.375854000000118
279,5.675099099999898
280,5.309420299999829
281,5.6185901000001195
282,5.72421509999981
283,5.959738900000048
284,5.223468500000081
285,6.086909800000058
286,5.866670299999896
287,5.307880300000079
288,6.411864200000082
289,6.2987799999998515
290,6.68533309999998
291,5.985252400000036
292,5.583241099999896
293,5.709665900000118
294,5.4277719000001525
295,5.9544645000000855
296,6.799531099999967
297,6.764195199999904
298,6.084451899999976
299,7.0486384999999245
300,6.834358100000145
301,6.095693600000004
302,6.803094200000032
303,6.140384500000209
304,5.969818099999884
305,7.38745659999995
306,6.679300400000102
307,6.565641700000015
308,6.277024600000004
309,7.450302899999997
310,6.167078499999889
311,5.914849900000036
312,7.218571999999995
313,6.390465899999981
314,6.72049549999997
315,6.604622599999857
316,6.957831500000111
317,6.52021179999997
318,6.2459253999998054
319,6.740684299999884
320,7.696689300000116
321,6.8992536000000655
322,6.457888400000002
323,7.038056200000028
324,6.400630500000034
325,6.936117999999851
326,6.284562899999855
327,7.257830300000023
328,6.080284899999924
329,6.934676899999886
330,7.131090000000086
331,7.648062499999924
332,7.501744500000086
333,7.028334799999811
334,7.34212639999987
335,8.22373860000016
336,8.509919899999886
337,8.223726699999816
338,7.949194999999918
339,7.810609000000113
340,8.023686899999802
341,8.267821400000003
342,7.767463299999918
343,7.781366100000014
344,7.121603499999992
345,7.465109700000085
346,7.033166100000017
347,7.377641199999971
348,6.689106100000117
349,7.462499200000138
350,7.682665000000043
351,7.218788599999925
352,7.425841100000071
353,7.683426300000065
354,8.105898100000104
355,8.18754530000001
356,7.045373899999959
357,7.212545099999943
358,7.6548195000000305
359,7.8280873000001066
360,8.456028199999992
361,9.05332599999997
362,8.767103399999996
363,9.600991699999895
364,7.878211400000055
365,9.99046640000006
366,8.755247600000075
367,9.922016299999996
368,8.392977100000053
369,10.511554700000033
370,9.114711400000033
371,9.295762400000058
372,9.008987000000161
373,8.875705800000105
374,9.572903300000007
375,10.91854340000009
376,11.631513499999983
377,12.419205599999941
378,9.798021500000004
379,9.916112200000043
380,10.435512499999959
381,10.08794880000005
382,10.112368500000002
383,14.443691199999876
384,10.831504100000075
385,11.852349699999877
386,10.623558800000183
387,11.53743600000007
388,10.089832800000067
389,10.918163999999933
390,12.653168300000061
391,12.283925599999975
392,12.636521800000082
393,12.722336199999972
394,11.805626099999927
395,12.281358599999976
396,12.07297850000009
397,11.744159900000113
398,11.242872600000055
399,10.995416100000057
400,10.952494299999898
401,11.25436209999998
402,12.261504500000001
403,10.587724999999864
404,10.277885900000001
405,11.378967000000102
406,11.518987500000094
407,12.8236737000002
408,14.64839830000028
409,14.492025000000012
410,12.751833099999658
411,13.275005800000145
412,12.964214999999967
413,13.884196599999996
414,13.685537699999713
415,14.186451200000192
416,13.724093799999991
417,13.371984200000043
418,14.998296700000083
419,12.391332599999714
420,15.807418700000198
421,18.341718499999843
422,14.670557500000086
423,14.236735099999805
424,12.444520400000329
425,16.17881690000013
426,14.084133699999711
427,17.689670400000068
428,14.327873599999748
429,14.541089499999998
430,14.483391499999925
431,15.525273300000208
432,14.136642400000255
433,13.712352999999894
434,11.977226299999984
435,14.854929600000105
436,14.542417300000125
437,14.904271000000335
438,14.092256099999759
439,14.276832600000034
440,15.777273400000013
441,14.178255799999988
442,14.67624240000032
443,15.093220400000064
444,15.76145630000019
445,14.252806899999996
446,12.698691300000064
447,13.98478460000024
448,11.895298299999922
449,13.32271290000017
450,13.389177800000198
451,14.010208700000021
452,13.164065899999969
453,14.591269300000022
454,12.958399899999677
455,13.68523180000011
456,13.165217900000243
457,14.188637999999628
458,14.101767599999675
459,16.49554739999985
460,15.631730499999776
461,13.70264780000025
462,14.452359200000046
463,14.266330200000084
464,13.966431699999703
465,14.905337999999574
466,13.170195799999874
467,13.59758950000014
468,15.533372100000179
469,14.105060500000036
470,16.986103899999762
471,14.15509800000018
472,15.301259700000173
473,16.17578370000001
474,14.950759099999686
475,15.092787600000065
476,14.336748199999874
477,14.946984900000189
478,15.145870100000138
479,14.216197100000045
480,14.493378099999973
481,15.000939000000017
482,16.24805090000018
483,14.196641900000031
484,14.939823600000182
485,14.390427100000124
486,15.063491899999917
487,13.621019100000012
488,14.358252200000152
489,16.37128060000032
490,15.850035899999966
491,16.454223400000046
492,15.535505700000158
493,14.570801899999879
494,17.795170599999892
495,15.636767599999985
496,16.318794799999978
497,16.451493299999584
498,17.238223500000004
499,15.971792700000151
500,18.178521199999977
