run_id,trial_role,score,cost_seconds,converged,geko_csep,geko_cnw,geko_cmix,geko_cturb,geko_cjet
alpha1.0_Re2800_geko_default,baseline,2.968347314,38.2187,true,1.75,0.5,0,2,1
alpha1.0_Re2800_Csep1.5185_Cnw1.3305_Cmix-0.1171_Cjet0.5822_Cturb1.1389,optimizer,2.865406947,45.3908,true,1.518461894,1.330528129,-0.117138391,1.138894502,0.5822246316
alpha1.0_Re2800_Csep2.4185_Cnw-0.6695_Cmix0.4829_Cjet1.1822_Cturb2.1389,optimizer,3.479914542,35.7928,true,2.418461894,-0.6694718707,0.482861609,2.138894502,1.182224632
alpha1.0_Re2800_Csep1.0685_Cnw-1.6695_Cmix0.7829_Cjet0.2822_Cturb1.6389,optimizer,2.676787278,31.8079,true,1.068461894,-1.669471871,0.782861609,1.638894502,0.2822246316
alpha1.0_Re2800_Csep1.9685_Cnw0.3305_Cmix0.1829_Cjet0.8822_Cturb0.6389,optimizer,1.884047494,31.0030,true,1.968461894,0.3305281293,0.182861609,0.6388945021,0.8822246316
alpha1.0_Re2800_Csep2.1935_Cnw-1.1695_Cmix0.6329_Cjet0.4322_Cturb1.3889,optimizer,2.764765558,29.8922,true,2.193461894,-1.169471871,0.632861609,1.388894502,0.4322246316
alpha1.0_Re2800_Csep1.2935_Cnw0.8305_Cmix0.0329_Cjet1.0322_Cturb2.3889,optimizer,2.606482031,37.9201,true,1.293461894,0.8305281293,0.03286160905,2.388894502,1.032224632
alpha1.0_Re2800_Csep0.8435_Cnw1.8305_Cmix0.3329_Cjet0.7322_Cturb1.8889,optimizer,2.249890617,31.8879,true,0.843461894,1.830528129,0.332861609,1.888894502,0.7322246316
alpha1.0_Re2800_Csep1.7435_Cnw-0.1695_Cmix0.9329_Cjet0.1322_Cturb0.8889,optimizer,2.042058279,27.6509,true,1.743461894,-0.1694718707,0.932861609,0.8888945021,0.1322246316
alpha1.0_Re2800_Csep1.856_Cnw-1.4195_Cmix0.2579_Cjet0.0572_Cturb0.5139,optimizer,2.178999825,29.7356,true,1.855961894,-1.419471871,0.257861609,0.5138945021,0.05722463157
alpha1.0_Re2800_Csep0.956_Cnw0.5805_Cmix0.8579_Cjet0.6572_Cturb1.5139,optimizer,1.990739128,28.8250,true,0.955961894,0.5805281293,0.857861609,1.513894502,0.6572246316
alpha1.0_Re2800_Csep1.406_Cnw1.5805_Cmix0.5579_Cjet0.9572_Cturb1.0139,optimizer,2.001451556,29.8202,true,1.405961894,1.580528129,0.557861609,1.013894502,0.9572246316
alpha1.0_Re2800_Csep2.306_Cnw-0.4195_Cmix-0.0421_Cjet0.3572_Cturb2.0139,optimizer,3.713044335,36.4727,true,2.305961894,-0.4194718707,-0.04213839095,2.013894502,0.3572246316
alpha1.0_Re2800_Csep2.081_Cnw-1.9195_Cmix-0.1921_Cjet1.1072_Cturb2.2639,optimizer,4.445373232,42.6079,true,2.080961894,-1.919471871,-0.192138391,2.263894502,1.107224632
alpha1.0_Re2800_Csep1.181_Cnw0.0805_Cmix0.4079_Cjet0.5072_Cturb1.2639,optimizer,2.067895585,29.8164,true,1.180961894,0.08052812926,0.407861609,1.263894502,0.5072246316
alpha1.0_Re2800_Csep0.731_Cnw-0.9195_Cmix0.1079_Cjet0.2072_Cturb0.7639,optimizer,2.390013996,31.6773,true,0.730961894,-0.9194718707,0.107861609,0.7638945021,0.2072246316
alpha1.0_Re2800_Csep1.631_Cnw1.0805_Cmix0.7079_Cjet0.8072_Cturb1.7639,optimizer,2.477402786,30.5612,true,1.630961894,1.080528129,0.707861609,1.763894502,0.8072246316
alpha1.0_Re2800_Csep1.6872_Cnw-0.7945_Cmix0.8954_Cjet0.9197_Cturb1.9514,optimizer,2.943571096,31.9174,true,1.687211894,-0.7944718707,0.895361609,1.951394502,0.9197246316
alpha1.0_Re2800_Csep0.7872_Cnw1.2055_Cmix0.2954_Cjet0.3197_Cturb0.9514,optimizer,2.287664088,30.2639,true,0.787211894,1.205528129,0.295361609,0.9513945021,0.3197246316
alpha1.0_Re2800_Csep1.2372_Cnw-1.7945_Cmix-0.0046_Cjet0.0197_Cturb1.4514,optimizer,3.400729831,33.5320,true,1.237211894,-1.794471871,-0.004638390952,1.451394502,0.01972463157
alpha1.0_Re2800_Csep2.1372_Cnw0.2055_Cmix0.5954_Cjet0.6197_Cturb2.4514,optimizer,3.330845408,32.2812,true,2.137211894,0.2055281293,0.595361609,2.451394502,0.6197246316
alpha1.0_Re2800_Csep2.3622_Cnw1.7055_Cmix0.4454_Cjet0.1697_Cturb1.7014,optimizer,2.978781228,30.7164,true,2.362211894,1.705528129,0.445361609,1.701394502,0.1697246316
alpha1.0_Re2800_Csep1.4622_Cnw-0.2945_Cmix-0.1546_Cjet0.7697_Cturb0.7014,optimizer,3.792016116,39.7896,true,1.462211894,-0.2944718707,-0.154638391,0.7013945021,0.7697246316
alpha1.0_Re2800_Csep1.0122_Cnw-1.2945_Cmix0.7454_Cjet1.0697_Cturb1.2014,optimizer,2.213505811,28.0091,true,1.012211894,-1.294471871,0.745361609,1.201394502,1.069724632
alpha1.0_Re2800_Csep1.9122_Cnw0.7055_Cmix0.1454_Cjet0.4697_Cturb2.2014,optimizer,3.137114411,34.2727,true,1.912211894,0.7055281293,0.145361609,2.201394502,0.4697246316
alpha1.0_Re2800_Csep1.7997_Cnw1.9555_Cmix0.5204_Cjet0.3947_Cturb0.8264,optimizer,2.112071283,29.1377,true,1.799711894,1.955528129,0.520361609,0.8263945021,0.3947246316
alpha1.0_Re2800_Csep0.8997_Cnw-0.0445_Cmix-0.0796_Cjet0.9947_Cturb1.8264,optimizer,2.188548076,35.9066,true,0.899711894,-0.04447187074,-0.07963839095,1.826394502,0.9947246316
alpha1.0_Re2800_Csep1.3497_Cnw-1.0445_Cmix0.2204_Cjet0.6947_Cturb2.3264,optimizer,3.218183502,32.8491,true,1.349711894,-1.044471871,0.220361609,2.326394502,0.6947246316
alpha1.0_Re2800_Csep2.2497_Cnw0.9555_Cmix0.8204_Cjet0.0947_Cturb1.3264,optimizer,2.326680525,35.2562,true,2.249711894,0.9555281293,0.820361609,1.326394502,0.09472463157
alpha1.0_Re2800_Csep2.0247_Cnw-1.5445_Cmix0.0704_Cjet0.8447_Cturb1.0764,optimizer,3.067225814,37.5759,true,2.024711894,-1.544471871,0.07036160905,1.076394502,0.8447246316
alpha1.0_Re2800_Csep1.1247_Cnw0.4555_Cmix0.6704_Cjet0.2447_Cturb2.0764,optimizer,2.291238532,30.3129,true,1.124711894,0.4555281293,0.670361609,2.076394502,0.2447246316
alpha1.0_Re2800_Csep2.4747_Cnw1.4555_Cmix0.9704_Cjet0.5447_Cturb0.5764,optimizer,3.093671394,27.2670,true,2.474711894,1.455528129,0.970361609,0.5763945021,0.5447246316
alpha1.0_Re2800_Csep1.5747_Cnw-0.5445_Cmix0.3704_Cjet1.1447_Cturb1.5764,optimizer,2.666253807,31.4090,true,1.574711894,-0.5444718707,0.370361609,1.576394502,1.144724632
alpha1.0_Re2800_Csep1.6028_Cnw-1.607_Cmix0.6141_Cjet0.226_Cturb2.2951,optimizer,3.542393414,32.4746,true,1.602836894,-1.606971871,0.614111609,2.295144502,0.2259746316
alpha1.0_Re2800_Csep0.7028_Cnw0.393_Cmix0.0141_Cjet0.826_Cturb1.2951,optimizer,2.085593569,34.2792,true,0.702836894,0.3930281293,0.01411160905,1.295144502,0.8259746316
alpha1.0_Re2800_Csep1.1528_Cnw1.393_Cmix0.3141_Cjet1.126_Cturb0.7951,optimizer,2.081758885,30.2295,true,1.152836894,1.393028129,0.314111609,0.7951445021,1.125974632
alpha1.0_Re2800_Csep2.0528_Cnw-0.607_Cmix0.9141_Cjet0.526_Cturb1.7951,optimizer,2.949809302,30.8821,true,2.052836894,-0.6069718707,0.914111609,1.795144502,0.5259746316
alpha1.0_Re2800_Csep2.2778_Cnw1.893_Cmix0.1641_Cjet0.976_Cturb0.5451,optimizer,2.014474217,31.7889,true,2.277836894,1.893028129,0.164111609,0.5451445021,0.9759746316
alpha1.0_Re2800_Csep1.3778_Cnw-0.107_Cmix0.7641_Cjet0.376_Cturb1.5451,optimizer,2.307820843,30.3569,true,1.377836894,-0.1069718707,0.764111609,1.545144502,0.3759746316
alpha1.0_Re2800_Csep0.9278_Cnw-1.107_Cmix-0.1359_Cjet0.076_Cturb1.0451,optimizer,3.54387987,36.0525,true,0.927836894,-1.106971871,-0.135888391,1.045144502,0.07597463157
alpha1.0_Re2800_Csep1.8278_Cnw0.893_Cmix0.4641_Cjet0.676_Cturb2.0451,optimizer,2.85706724,31.1323,true,1.827836894,0.8930281293,0.464111609,2.045144502,0.6759746316
alpha1.0_Re2800_Csep1.9403_Cnw1.643_Cmix0.8391_Cjet0.751_Cturb1.4201,optimizer,2.334754617,30.9569,true,1.940336894,1.643028129,0.839111609,1.420144502,0.7509746316
alpha1.0_Re2800_Csep1.0403_Cnw-0.357_Cmix0.2391_Cjet0.151_Cturb2.4201,optimizer,2.580413255,31.8471,true,1.040336894,-0.3569718707,0.239111609,2.420144502,0.1509746316
alpha1.0_Re2800_Csep1.4903_Cnw-1.357_Cmix-0.0609_Cjet0.451_Cturb1.9201,optimizer,3.584011539,35.5260,true,1.490336894,-1.356971871,-0.06088839095,1.920144502,0.4509746316
alpha1.0_Re2800_Csep2.3903_Cnw0.643_Cmix0.5391_Cjet1.051_Cturb0.9201,optimizer,1.935266867,29.0036,true,2.390336894,0.6430281293,0.539111609,0.9201445021,1.050974632
alpha1.0_Re2800_Csep2.1653_Cnw-0.857_Cmix0.3891_Cjet0.301_Cturb1.1701,optimizer,2.544339759,30.6045,true,2.165336894,-0.8569718707,0.389111609,1.170144502,0.3009746316
alpha1.0_Re2800_Csep1.2653_Cnw1.143_Cmix0.9891_Cjet0.901_Cturb2.1701,optimizer,2.413329443,31.6393,true,1.265336894,1.143028129,0.989111609,2.170144502,0.9009746316
alpha1.0_Re2800_Csep0.8153_Cnw-1.857_Cmix0.6891_Cjet0.601_Cturb1.6701,optimizer,2.550025753,33.1552,true,0.815336894,-1.856971871,0.689111609,1.670144502,0.6009746316
alpha1.0_Re2800_Csep1.7153_Cnw0.143_Cmix0.0891_Cjet0.001_Cturb0.6701,optimizer,2.070944941,32.0014,true,1.715336894,0.1430281293,0.08911160905,0.6701445021,0.0009746315712
alpha1.0_Re2800_Csep1.6591_Cnw-1.732_Cmix0.2016_Cjet0.5635_Cturb1.1076,optimizer,2.818869808,31.5991,true,1.659086894,-1.731971871,0.201611609,1.107644502,0.5634746316
alpha1.0_Re2800_Csep0.7591_Cnw0.268_Cmix0.8016_Cjet1.1635_Cturb2.1076,optimizer,2.06907116,29.4123,true,0.759086894,0.2680281293,0.801611609,2.107644502,1.163474632
alpha1.0_Re2800_Csep1.2091_Cnw-0.732_Cmix0.5016_Cjet0.8635_Cturb0.6076,optimizer,2.237875922,27.3765,true,1.209086894,-0.7319718707,0.501611609,0.6076445021,0.8634746316
alpha1.0_Re2800_Csep2.1091_Cnw1.268_Cmix-0.0984_Cjet0.2635_Cturb1.6076,optimizer,3.360971449,39.9512,true,2.109086894,1.268028129,-0.09838839095,1.607644502,0.2634746316
alpha1.0_Re2800_Csep2.3341_Cnw-1.232_Cmix0.9516_Cjet0.7135_Cturb0.8576,optimizer,2.143107169,27.8739,true,2.334086894,-1.231971871,0.951611609,0.8576445021,0.7134746316
alpha1.0_Re2800_Csep1.4341_Cnw0.768_Cmix0.3516_Cjet0.1135_Cturb1.8576,optimizer,2.522955219,31.3853,true,1.434086894,0.7680281293,0.351611609,1.857644502,0.1134746316
alpha1.0_Re2800_Csep0.9841_Cnw1.768_Cmix0.0516_Cjet0.4135_Cturb2.3576,optimizer,2.15702835,35.1682,true,0.984086894,1.768028129,0.05161160905,2.357644502,0.4134746316
alpha1.0_Re2800_Csep1.8841_Cnw-0.232_Cmix0.6516_Cjet1.0135_Cturb1.3576,optimizer,2.36454694,29.9146,true,1.884086894,-0.2319718707,0.651611609,1.357644502,1.013474632
alpha1.0_Re2800_Csep1.7716_Cnw-0.982_Cmix-0.0234_Cjet1.0885_Cturb1.7326,optimizer,3.438743231,34.7764,true,1.771586894,-0.9819718707,-0.02338839095,1.732644502,1.088474632
alpha1.0_Re2800_Csep0.8716_Cnw1.018_Cmix0.5766_Cjet0.4885_Cturb0.7326,optimizer,2.490499771,28.1400,true,0.871586894,1.018028129,0.576611609,0.7326445021,0.4884746316
alpha1.0_Re2800_Csep1.3216_Cnw-1.982_Cmix0.8766_Cjet0.1885_Cturb1.2326,optimizer,2.507771395,28.7911,true,1.321586894,-1.981971871,0.876611609,1.232644502,0.1884746316
alpha1.0_Re2800_Csep2.2216_Cnw0.018_Cmix0.2766_Cjet0.7885_Cturb2.2326,optimizer,3.357480701,33.2101,true,2.221586894,0.01802812926,0.276611609,2.232644502,0.7884746316
alpha1.0_Re2800_Csep2.0028_Cnw0.3792_Cmix0.2157_Cjet0.8936_Cturb0.6379,optimizer,1.867531677,31.2607,true,2.002775581,0.3792237265,0.2157499379,0.6378618619,0.8935954157
alpha1.0_Re2800_Csep0.7_Cnw2_Cmix1_Cjet0_Cturb2.5,optimizer,2.826539446,29.3716,true,0.7,2,1,2.5,0
alpha1.0_Re2800_Csep0.7_Cnw-2_Cmix1_Cjet0_Cturb0.5,optimizer,3.084376933,22.7896,true,0.7,-2,1,0.5,0
alpha1.0_Re2800_Csep1.78_Cnw0.4248_Cmix0.2894_Cjet0_Cturb0.5,optimizer,2.177527488,29.9390,true,1.780046468,0.4247609131,0.2893545184,0.5,0
alpha1.0_Re2800_Csep2.4297_Cnw0.6586_Cmix0.4759_Cjet1.2_Cturb0.8156,optimizer,1.918185614,29.0280,true,2.429690517,0.6585867018,0.4758816193,0.8155593689,1.2
alpha1.0_Re2800_Csep0.7_Cnw2_Cmix1_Cjet1.2_Cturb0.5,optimizer,3.871181966,26.0667,true,0.7,2,1,0.5,1.2
alpha1.0_Re2800_Csep2.5_Cnw-2_Cmix1_Cjet0_Cturb0.5,optimizer,3.216909415,30.2306,true,2.5,-2,1,0.5,0
alpha1.0_Re2800_Csep0.7_Cnw0.3663_Cmix0.1204_Cjet1.0171_Cturb1.6747,optimizer,2.11176853,30.0786,true,0.7,0.366346704,0.1203826917,1.674749921,1.017073537
alpha1.0_Re2800_Csep2.5_Cnw-2_Cmix1_Cjet1.2_Cturb0.5,optimizer,3.10917907,24.6143,true,2.5,-2,1,0.5,1.2
alpha1.0_Re2800_Csep1.7293_Cnw1.0983_Cmix0.3519_Cjet0.9713_Cturb0.9085,optimizer,1.933510802,30.1393,true,1.729291194,1.098328075,0.3518912774,0.9085240532,0.9712678335
alpha1.0_Re2800_Csep0.7_Cnw2_Cmix-0.2_Cjet1.2_Cturb2.5,optimizer,2.710273918,36.9046,true,0.7,2,-0.2,2.5,1.2
alpha1.0_Re2800_Csep2.5_Cnw2_Cmix-0.2_Cjet1.2_Cturb0.5,optimizer,4.651521931,41.7223,true,2.5,2,-0.2,0.5,1.2
alpha1.0_Re2800_Csep2.5_Cnw2_Cmix1_Cjet1.2_Cturb2.5,optimizer,3.553027904,33.3261,true,2.5,2,1,2.5,1.2
alpha1.0_Re2800_Csep2.1844_Cnw1.8585_Cmix0.2724_Cjet0.9161_Cturb0.5613,optimizer,2.165385453,30.6212,true,2.184413656,1.85851086,0.2723959869,0.5612642672,0.9160552805
alpha1.0_Re2800_Csep0.7_Cnw2_Cmix-0.2_Cjet0_Cturb2.5,optimizer,2.767893525,35.4225,true,0.7,2,-0.2,2.5,0
alpha1.0_Re2800_Csep0.7_Cnw-2_Cmix1_Cjet1.2_Cturb2.5,optimizer,2.507677772,27.6530,true,0.7,-2,1,2.5,1.2
alpha1.0_Re2800_Csep0.7_Cnw-2_Cmix0.1789_Cjet1.2_Cturb0.5,optimizer,2.73035499,29.3960,true,0.7,-2,0.1789118315,0.5,1.2
alpha1.0_Re2800_Csep2.5_Cnw-2_Cmix-0.2_Cjet0_Cturb0.5,optimizer,4.976190299,44.4506,true,2.5,-2,-0.2,0.5,0
alpha1.0_Re2800_Csep2.0057_Cnw0.2536_Cmix0.2567_Cjet0.8919_Cturb0.7186,optimizer,1.890564202,33.4347,true,2.005731369,0.25357803,0.2567196177,0.71859717,0.8918544775
alpha1.0_Re2800_Csep1.5951_Cnw-0.9061_Cmix0.3879_Cjet0.1159_Cturb0.5822,optimizer,2.190921114,28.5017,true,1.59510701,-0.9061017073,0.387912415,0.5821590516,0.1159022992
alpha1.0_Re2800_Csep1.6523_Cnw2_Cmix1_Cjet0_Cturb1.0803,optimizer,2.108018148,31.1894,true,1.652297956,2,1,1.080302429,0
alpha1.0_Re2800_Csep1.3891_Cnw1.0219_Cmix0.4243_Cjet0.9102_Cturb1.0932,optimizer,1.964457174,33.1258,true,1.389108843,1.02194487,0.4243051149,1.093234498,0.9102398687
alpha1.0_Re2800_Csep2.0387_Cnw0.5704_Cmix0.205_Cjet0.9468_Cturb0.629,optimizer,1.856248921,31.0205,true,2.038723229,0.5704407229,0.2050074058,0.6289941654,0.9467679985
alpha1.0_Re2800_Csep0.7_Cnw0.1493_Cmix0.4066_Cjet0.6007_Cturb1.5609,optimizer,2.146140318,28.8052,true,0.7,0.1493206376,0.4066342028,1.560918684,0.600708514
alpha1.0_Re2800_Csep0.7_Cnw2_Cmix-0.2_Cjet0_Cturb0.5,optimizer,3.687704599,45.2303,true,0.7,2,-0.2,0.5,0
alpha1.0_Re2800_Csep2.1505_Cnw0.7418_Cmix0.204_Cjet0.9499_Cturb0.6893,optimizer,1.88261311,32.7112,true,2.150487543,0.7418148181,0.2040119144,0.6892610203,0.9498916584
alpha1.0_Re2800_Csep1.9602_Cnw0.5847_Cmix0.2341_Cjet1.0083_Cturb0.6443,optimizer,1.857291538,30.3197,true,1.960169738,0.5847279192,0.2340965243,0.6442704992,1.008304769
alpha1.0_Re2800_Csep1.4215_Cnw1.611_Cmix0.5563_Cjet0.4662_Cturb1.2005,optimizer,2.060262325,32.5885,true,1.421535381,1.61100904,0.5562917114,1.200510876,0.466179376
alpha1.0_Re2800_Csep2.0495_Cnw0.4366_Cmix0.2189_Cjet0.9767_Cturb0.5549,optimizer,1.88083725,32.3494,true,2.049505646,0.436558753,0.2188920191,0.5548805295,0.976671491
alpha1.0_Re2800_Csep1.6908_Cnw1.209_Cmix0.3737_Cjet1.2_Cturb0.975,optimizer,1.97507253,30.0754,true,1.690750287,1.208951916,0.3736840331,0.9749625168,1.2
alpha1.0_Re2800_Csep0.7_Cnw0.223_Cmix1_Cjet0.852_Cturb1.8372,optimizer,2.163679313,28.2854,true,0.7,0.2230269347,1,1.837235367,0.8520482527
alpha1.0_Re2800_Csep1.7143_Cnw-0.5986_Cmix1_Cjet0.6279_Cturb0.9087,optimizer,2.055754037,28.0108,true,1.714281456,-0.5985779028,1,0.9086963639,0.6279211156
alpha1.0_Re2800_Csep1.6704_Cnw0.4734_Cmix1_Cjet0_Cturb1.1719,optimizer,1.98828525,31.5261,true,1.67036896,0.4733543083,1,1.171882476,0
alpha1.0_Re2800_Csep1.9503_Cnw0.6433_Cmix0.2121_Cjet0.9493_Cturb0.6652,optimizer,1.863803749,30.5947,true,1.950338008,0.6433107609,0.2120965718,0.6652278141,0.9493026189
alpha1.0_Re2800_Csep2.0056_Cnw0.6072_Cmix0.2634_Cjet1.0394_Cturb0.7399,optimizer,1.867000209,30.6428,true,2.005583896,0.6072498208,0.2634243701,0.7398772676,1.039443693
alpha1.0_Re2800_Csep0.7_Cnw-0.8936_Cmix-0.2_Cjet1.2_Cturb2.5,optimizer,2.150075162,37.6552,true,0.7,-0.8935505015,-0.2,2.5,1.2
alpha1.0_Re2800_Csep0.7_Cnw2_Cmix1_Cjet1.2_Cturb2.5,optimizer,2.768850537,30.4538,true,0.7,2,1,2.5,1.2
alpha1.0_Re2800_Csep1.7758_Cnw0.6175_Cmix0.3499_Cjet1.0942_Cturb0.7502,optimizer,1.876847682,30.0638,true,1.775773517,0.6175032204,0.3499176778,0.750204499,1.094237788
alpha1.0_Re2800_Csep0.7_Cnw0.6814_Cmix0.0292_Cjet0.5963_Cturb2.5,optimizer,2.206448945,30.4247,true,0.7,0.6813967121,0.02917619631,2.5,0.5962996712
alpha1.0_Re2800_Csep1.9388_Cnw0.8262_Cmix0.2799_Cjet1.0963_Cturb0.6601,optimizer,1.902530941,32.0952,true,1.938824849,0.8262454877,0.2798515184,0.6601036088,1.096274237
alpha1.0_Re2800_Csep2.5_Cnw1.1037_Cmix0.4668_Cjet1.1527_Cturb0.9271,optimizer,2.0152351,29.2514,true,2.5,1.103677513,0.4667523801,0.9270748596,1.152736075
alpha1.0_Re2800_Csep2.5_Cnw0.2408_Cmix0.5009_Cjet1.093_Cturb0.8598,optimizer,1.942080226,30.7544,true,2.5,0.2407602427,0.5009180193,0.8597931229,1.093024282
alpha1.0_Re2800_Csep2.2034_Cnw0.4561_Cmix0.5736_Cjet1.2_Cturb0.8721,optimizer,1.902177743,29.0792,true,2.203419178,0.4561128967,0.5736305622,0.8721408954,1.2
alpha1.0_Re2800_Csep0.7_Cnw-2_Cmix1_Cjet1.2_Cturb0.5,optimizer,2.988138607,24.3171,true,0.7,-2,1,0.5,1.2
alpha1.0_Re2800_Csep1.5216_Cnw0.6911_Cmix1_Cjet0.3715_Cturb1.1744,optimizer,1.965710356,31.6915,true,1.52160982,0.6910933658,1,1.174385559,0.3714693061
alpha1.0_Re2800_Csep2.5_Cnw0.5168_Cmix0.6774_Cjet1.2_Cturb0.8631,optimizer,1.927696213,28.1223,true,2.5,0.5168463333,0.6774159077,0.8630742438,1.2
alpha1.0_Re2800_Csep1.5696_Cnw0.673_Cmix0.4962_Cjet1.0799_Cturb0.9153,optimizer,1.892941428,29.6795,true,1.569551208,0.6730298862,0.4961884869,0.9153400398,1.079892037
alpha1.0_Re2800_Csep0.7_Cnw-0.3463_Cmix0.6515_Cjet1.2_Cturb1.5981,optimizer,2.140925911,27.9712,true,0.7,-0.3462998892,0.6514866191,1.598066325,1.2
alpha1.0_Re2800_Csep1.3006_Cnw0.4295_Cmix1_Cjet0.7456_Cturb1.3061,optimizer,1.966227036,32.0050,true,1.300583196,0.4294868641,1,1.306118623,0.7455862336
alpha1.0_Re2800_Csep2.5_Cnw2_Cmix0.0927_Cjet0_Cturb0.5,optimizer,2.081773595,33.7799,true,2.5,2,0.09268715199,0.5,0
alpha1.0_Re2800_Csep1.2708_Cnw0.148_Cmix0.7179_Cjet0.8217_Cturb1.1303,optimizer,1.956385107,30.5173,true,1.270836749,0.1479950049,0.717867934,1.130329574,0.8216658412
alpha1.0_Re2800_Csep1.7338_Cnw0.3504_Cmix0.4106_Cjet1.0045_Cturb0.8126,optimizer,1.877385969,29.6044,true,1.733848428,0.3504299,0.4106011262,0.8126307833,1.004478928
alpha1.0_Re2800_Csep1.913_Cnw0.4239_Cmix0.2701_Cjet1.0048_Cturb0.7004,optimizer,1.857982162,30.2086,true,1.912997483,0.4239190804,0.2700577472,0.7003615998,1.004815029
alpha1.0_Re2800_Csep1.7787_Cnw2_Cmix0.4737_Cjet0_Cturb0.8834,optimizer,2.090224115,29.5476,true,1.778679666,2,0.4737402434,0.8833933527,0
alpha1.0_Re2800_Csep0.7_Cnw0.2278_Cmix0.5564_Cjet0_Cturb1.3387,optimizer,2.214381595,28.1018,true,0.7,0.2277635686,0.5564444432,1.338667911,0
alpha1.0_Re2800_Csep1.2168_Cnw1.0648_Cmix1_Cjet0.4907_Cturb1.4733,optimizer,2.055604521,30.0531,true,1.216792244,1.064756312,1,1.47327044,0.4906982667
alpha1.0_Re2800_Csep2.1736_Cnw0.8066_Cmix0.1409_Cjet0.8162_Cturb0.5244,optimizer,1.901503273,33.2156,true,2.173567818,0.8066151964,0.1409280972,0.5244337618,0.8161696422
alpha1.0_Re2800_Csep1.9045_Cnw0.3541_Cmix0.4279_Cjet1.0945_Cturb0.7908,optimizer,1.88648398,34.2539,true,1.904499345,0.3540777589,0.4279404157,0.7908317867,1.094466766
alpha1.0_Re2800_Csep0.7_Cnw2_Cmix-0.0549_Cjet1.2_Cturb1.022,optimizer,2.446041095,40.0799,true,0.7,2,-0.05494727338,1.02197549,1.2
alpha1.0_Re2800_Csep1.5467_Cnw0.5489_Cmix0.7665_Cjet0.6709_Cturb1.0485,optimizer,1.908598419,28.7720,true,1.546714267,0.5488957845,0.7664706653,1.048474086,0.6708855057
alpha1.0_Re2800_Csep1.667_Cnw0.4114_Cmix0.7032_Cjet0.9164_Cturb0.9445,optimizer,1.892362976,30.6698,true,1.666970914,0.4114079492,0.703207888,0.9445403198,0.9163787229
alpha1.0_Re2800_Csep1.7014_Cnw-0.0586_Cmix0.6362_Cjet0.768_Cturb0.8629,optimizer,1.959123439,29.9622,true,1.701441331,-0.05861515356,0.63615608,0.8628664944,0.7680185374
alpha1.0_Re2800_Csep1.7148_Cnw0.4067_Cmix0.9316_Cjet0.8307_Cturb1.0464,optimizer,1.90783098,28.5540,true,1.714779619,0.4066640869,0.931567986,1.046375696,0.8306826326
alpha1.0_Re2800_Csep2.0427_Cnw0.1392_Cmix0.8239_Cjet0.9946_Cturb0.8999,optimizer,1.93938192,30.9368,true,2.042664129,0.1391686305,0.8239206878,0.899877319,0.9945798448
alpha1.0_Re2800_Csep1.7552_Cnw0.6647_Cmix0.8028_Cjet1.0835_Cturb1.0219,optimizer,1.902933336,31.0672,true,1.755161953,0.6646825011,0.8027675206,1.021880331,1.08351126
alpha1.0_Re2800_Csep1.5304_Cnw0.7751_Cmix0.8101_Cjet0.8872_Cturb1.1055,optimizer,1.92836725,32.1178,true,1.530404887,0.7751401041,0.8101263054,1.105533484,0.8872267138
alpha1.0_Re2800_Csep1.8458_Cnw0.6745_Cmix0.6183_Cjet1.0784_Cturb0.9369,optimizer,1.895670655,30.6416,true,1.845792934,0.6744554047,0.618270111,0.9369114962,1.078449655
alpha1.0_Re2800_Csep1.6341_Cnw0.7991_Cmix0.7434_Cjet0.2343_Cturb1.0483,optimizer,1.956585669,38.5852,true,1.634060237,0.7990851029,0.7434128502,1.048291308,0.2343494644
alpha1.0_Re2800_Csep2.0408_Cnw0.5057_Cmix1_Cjet1.2_Cturb1.0186,optimizer,1.916131876,28.5551,true,2.040765306,0.5056868918,1,1.018613285,1.2
alpha1.0_Re2800_Csep1.7603_Cnw0.173_Cmix1_Cjet1.0638_Cturb1.0376,optimizer,1.931000119,30.3468,true,1.76033188,0.1730251595,1,1.037582759,1.063835444
alpha1.0_Re2800_Csep1.9466_Cnw0.5205_Cmix0.8031_Cjet1.2_Cturb0.8716,optimizer,1.927382798,33.9096,true,1.946627905,0.5204757613,0.8031328159,0.8716056995,1.2
alpha1.0_Re2800_Csep0.7_Cnw-2_Cmix1_Cjet0_Cturb2.5,optimizer,2.557350029,27.4000,true,0.7,-2,1,2.5,0
alpha1.0_Re2800_Csep2.5_Cnw2_Cmix0.1039_Cjet0.5964_Cturb0.5,optimizer,2.040386365,35.0915,true,2.5,2,0.1039125729,0.5,0.5963675077
alpha1.0_Re2800_Csep2.499_Cnw1.306_Cmix0.1944_Cjet0.8783_Cturb0.5,optimizer,2.021160388,35.9132,true,2.499042199,1.305999155,0.1944303665,0.5,0.8783237091
alpha1.0_Re2800_Csep0.7_Cnw-0.6954_Cmix0.3985_Cjet0.4795_Cturb0.9787,optimizer,2.187024834,30.6298,true,0.7,-0.6953662321,0.398472965,0.9786811154,0.4794596784
alpha1.0_Re2800_Csep0.7_Cnw-0.4203_Cmix-0.2_Cjet1.2_Cturb1.7904,optimizer,2.107830607,42.0949,true,0.7,-0.4202689707,-0.2,1.790448057,1.2
alpha1.0_Re2800_Csep2.0975_Cnw2_Cmix0.0963_Cjet0.2709_Cturb0.5,optimizer,2.076900721,33.6142,true,2.097483343,2,0.09627149732,0.5,0.2708530627
alpha1.0_Re2800_Csep1.0597_Cnw0.0616_Cmix1_Cjet1.2_Cturb1.674,optimizer,2.113724784,29.0235,true,1.059749773,0.06156953703,1,1.673963958,1.2
alpha1.0_Re2800_Csep0.7_Cnw1.339_Cmix0.3612_Cjet0.3785_Cturb2.5,optimizer,2.483107442,29.8080,true,0.7,1.339049177,0.3611571509,2.5,0.3784907013
alpha1.0_Re2800_Csep2.5_Cnw0.3088_Cmix1_Cjet1.2_Cturb1.0438,optimizer,1.994284013,28.2668,true,2.5,0.3088338564,1,1.043811846,1.2
alpha1.0_Re2800_Csep0.7_Cnw1.0248_Cmix-0.0383_Cjet0.6878_Cturb1.7903,optimizer,2.310379059,32.6539,true,0.7,1.024768575,-0.03833692944,1.790284524,0.6877543364
alpha1.0_Re2800_Csep0.7_Cnw-1.1886_Cmix0.1189_Cjet1.2_Cturb1.7551,optimizer,2.188469958,37.9306,true,0.7,-1.188605282,0.1188908351,1.755077532,1.2
alpha1.0_Re2800_Csep1.6668_Cnw0.7367_Cmix0.3825_Cjet0.3623_Cturb0.9049,optimizer,1.92881261,30.5031,true,1.666759015,0.736704426,0.3824797656,0.9048774957,0.3622833898
alpha1.0_Re2800_Csep2.0254_Cnw0.399_Cmix1_Cjet0.9968_Cturb1.0686,optimizer,1.932799115,29.1022,true,2.025377815,0.3990233285,1,1.068552286,0.9967862409
alpha1.0_Re2800_Csep1.9899_Cnw0.5188_Cmix0.239_Cjet0.3953_Cturb0.6893,optimizer,1.885943619,30.4252,true,1.989945606,0.5188349867,0.2390473766,0.6893212409,0.3952560384
alpha1.0_Re2800_Csep1.9556_Cnw0.7247_Cmix0.2482_Cjet0.2592_Cturb0.7783,optimizer,1.929218362,32.3735,true,1.95562531,0.724674586,0.2481937973,0.7783443778,0.2591994017
alpha1.0_Re2800_Csep1.9061_Cnw0.1591_Cmix0.3136_Cjet0.395_Cturb0.7223,optimizer,1.930775821,31.3218,true,1.906058572,0.1591086286,0.3135730605,0.722287209,0.394983676
alpha1.0_Re2800_Csep2.0523_Cnw0.6428_Cmix0.2026_Cjet0.5767_Cturb0.6879,optimizer,1.891017075,33.2939,true,2.052277077,0.642839019,0.2025508425,0.6878554965,0.5767482233
alpha1.0_Re2800_Csep2.172_Cnw0.7493_Cmix0.1571_Cjet0.4593_Cturb0.5362,optimizer,1.91786198,31.5428,true,2.171984141,0.7493243602,0.1570741086,0.5362417629,0.4592610137
alpha1.0_Re2800_Csep1.8528_Cnw0.2541_Cmix1_Cjet0.3651_Cturb1.0427,optimizer,1.959545982,29.9629,true,1.852808402,0.254098151,1,1.042669655,0.3651399881
alpha1.0_Re2800_Csep1.9114_Cnw0.7816_Cmix0.2063_Cjet0.4448_Cturb0.6281,optimizer,1.914483659,31.4201,true,1.911372274,0.7815752823,0.2063231512,0.6281238896,0.4447834379
alpha1.0_Re2800_Csep2.5_Cnw2_Cmix1_Cjet0_Cturb2.5,optimizer,3.627415823,38.9418,true,2.5,2,1,2.5,0
alpha1.0_Re2800_Csep1.8498_Cnw0.8394_Cmix1_Cjet0_Cturb0.9057,optimizer,2.036593644,27.5166,true,1.849848874,0.8394012855,1,0.9056884377,0
alpha1.0_Re2800_Csep2.1659_Cnw0.6507_Cmix0.7994_Cjet1.2_Cturb1.0547,optimizer,1.967430059,33.4231,true,2.165909191,0.6506709048,0.7994196444,1.054723395,1.2
alpha1.0_Re2800_Csep1.0882_Cnw0.9728_Cmix1_Cjet0_Cturb1.278,optimizer,2.04508219,28.4291,true,1.08824535,0.9728336921,1,1.277998177,0
alpha1.0_Re2800_Csep0.7_Cnw-0.0982_Cmix1_Cjet1.2_Cturb2.5,optimizer,2.16375452,27.6294,true,0.7,-0.09817609384,1,2.5,1.2
alpha1.0_Re2800_Csep0.7_Cnw-2_Cmix0.2801_Cjet0_Cturb0.5,optimizer,2.459390925,27.8713,true,0.7,-2,0.2800649039,0.5,0
alpha1.0_Re2800_Csep2.0047_Cnw0.7246_Cmix0.3181_Cjet0.4339_Cturb0.7723,optimizer,1.912571496,35.7760,true,2.004738655,0.7245886413,0.3180830426,0.7722817311,0.4339317159
alpha1.0_Re2800_Csep0.7_Cnw0.0923_Cmix0.1812_Cjet1.2_Cturb1.1113,optimizer,2.100932296,30.6847,true,0.7,0.09232124182,0.1812158646,1.111339054,1.2
alpha1.0_Re2800_Csep1.6622_Cnw0.2351_Cmix0.6327_Cjet1.0966_Cturb0.8772,optimizer,1.918852047,28.5405,true,1.662156151,0.2350581318,0.632684443,0.8771709862,1.096564605
alpha1.0_Re2800_Csep1.551_Cnw0.5578_Cmix0.4772_Cjet0.7136_Cturb0.9078,optimizer,1.89345083,31.5420,true,1.550978812,0.5577648497,0.4771938448,0.907779324,0.7136013644
alpha1.0_Re2800_Csep1.6745_Cnw0.6575_Cmix0.5513_Cjet0.548_Cturb0.994,optimizer,1.921611461,31.9717,true,1.674491952,0.6574789627,0.55125317,0.9940372698,0.5480027402
alpha1.0_Re2800_Csep1.5544_Cnw0.5992_Cmix0.4458_Cjet0.9378_Cturb0.7994,optimizer,1.908909743,30.8764,true,1.55437791,0.599215649,0.44580569,0.7993838636,0.9377975528
alpha1.0_Re2800_Csep2.2911_Cnw0.6123_Cmix1_Cjet1.2_Cturb0.8016,optimizer,2.079679669,27.8684,true,2.291103224,0.6123000632,1,0.8016250066,1.2
alpha1.0_Re2800_Csep2.5_Cnw-0.3345_Cmix1_Cjet0.8469_Cturb1.0499,optimizer,2.081293706,28.0007,true,2.5,-0.3345410133,1,1.049948673,0.846928547
alpha1.0_Re2800_Csep0.7_Cnw0.1921_Cmix1_Cjet0_Cturb1.7235,optimizer,2.218539245,27.4522,true,0.7,0.1921412008,1,1.723460348,0
alpha1.0_Re2800_Csep1.7479_Cnw0.7489_Cmix1_Cjet1.2_Cturb1.1723,optimizer,1.969233439,32.7101,true,1.747904689,0.7489090947,1,1.17227871,1.2
alpha1.0_Re2800_Csep2.0906_Cnw0.293_Cmix0.2347_Cjet0.5804_Cturb0.5803,optimizer,1.921103094,34.0157,true,2.090584493,0.2929706544,0.2347370057,0.5803486277,0.580380596
alpha1.0_Re2800_Csep1.709_Cnw0.2698_Cmix0.3586_Cjet1.2_Cturb0.7511,optimizer,1.897885699,32.2514,true,1.709023673,0.2698189794,0.3586384099,0.7511486437,1.2
alpha1.0_Re2800_Csep1.402_Cnw1.2085_Cmix0.7272_Cjet0_Cturb1.2018,optimizer,2.03721538,29.4245,true,1.402009985,1.208545181,0.7272390478,1.201848253,0
alpha1.0_Re2800_Csep1.3599_Cnw0.3728_Cmix0.3961_Cjet1.2_Cturb0.8939,optimizer,1.907762268,35.1098,true,1.359866721,0.372815782,0.3961106319,0.8938732897,1.2
alpha1.0_Re2800_Csep1.5936_Cnw0.4679_Cmix0.3329_Cjet1.0827_Cturb0.8464,optimizer,1.875589736,29.5136,true,1.593625605,0.4679468363,0.3328928927,0.8463981653,1.082667135
alpha1.0_Re2800_Csep0.7_Cnw2_Cmix1_Cjet0_Cturb1.1314,optimizer,2.93968433,33.5716,true,0.7,2,1,1.131397433,0
alpha1.0_Re2800_Csep1.2512_Cnw0.2861_Cmix1_Cjet0.1152_Cturb1.2235,optimizer,1.991332843,28.4581,true,1.251195963,0.2860862633,1,1.223532352,0.115172229
alpha1.0_Re2800_Csep2.5_Cnw2_Cmix0.4069_Cjet0_Cturb0.5,optimizer,2.84487117,36.6625,true,2.5,2,0.406885786,0.5,0
alpha1.0_Re2800_Csep2.5_Cnw2_Cmix-0.1404_Cjet0_Cturb0.5,optimizer,3.198882469,39.4406,true,2.5,2,-0.1403604727,0.5,0
alpha1.0_Re2800_Csep2.2694_Cnw1.7538_Cmix0.175_Cjet0.2512_Cturb0.716,optimizer,2.028935754,31.9936,true,2.269416888,1.753846381,0.1750306716,0.7159621706,0.2512268169
alpha1.0_Re2800_Csep1.673_Cnw2_Cmix0.3125_Cjet0.256_Cturb0.9722,optimizer,2.080880974,33.1514,true,1.672988368,2,0.3125487461,0.9721689999,0.2559805407
alpha1.0_Re2800_Csep1.9166_Cnw0.4787_Cmix0.2336_Cjet1.0497_Cturb0.7023,optimizer,1.855986278,37.3843,true,1.916638319,0.4786817865,0.2335850799,0.7022566657,1.049654852
alpha1.0_Re2800_Csep1.7391_Cnw0.1882_Cmix0.2761_Cjet0_Cturb0.9323,optimizer,2.044185507,30.0809,true,1.739078285,0.1881949713,0.2760633547,0.932320461,0
alpha1.0_Re2800_Csep1.6627_Cnw1.0522_Cmix1_Cjet0.1588_Cturb1.103,optimizer,1.997045487,31.4735,true,1.662692442,1.052162479,1,1.102988908,0.1588374911
alpha1.0_Re2800_Csep1.0582_Cnw0.0963_Cmix0.4074_Cjet0.9552_Cturb1.0831,optimizer,1.96908748,29.5724,true,1.058153445,0.09629037675,0.4073640858,1.083131252,0.9551667478
alpha1.0_Re2800_Csep1.6702_Cnw0.5642_Cmix1_Cjet0.6198_Cturb0.9653,optimizer,1.934993904,28.1412,true,1.670197064,0.5642442247,1,0.9653414549,0.6197641814
alpha1.0_Re2800_Csep2.0336_Cnw-0.0681_Cmix1_Cjet0.6889_Cturb0.9436,optimizer,1.984481993,31.6030,true,2.033582747,-0.0680564063,1,0.943615037,0.688908575
alpha1.0_Re2800_Csep1.4229_Cnw0.4983_Cmix0.5557_Cjet0.5406_Cturb0.9327,optimizer,1.912229621,29.0640,true,1.42286447,0.4983332407,0.5556726917,0.9327449557,0.5406170371
alpha1.0_Re2800_Csep1.205_Cnw0.7778_Cmix0.3185_Cjet1.2_Cturb1.1207,optimizer,1.963925507,33.2150,true,1.20498666,0.7778097439,0.3185178167,1.12069539,1.2
alpha1.0_Re2800_Csep1.3971_Cnw2_Cmix0.2878_Cjet0.951_Cturb1.1541,optimizer,2.092349145,31.6539,true,1.397080108,2,0.2877756105,1.154079173,0.950985046
alpha1.0_Re2800_Csep2.2745_Cnw1.3957_Cmix0.1307_Cjet0.7365_Cturb0.6664,optimizer,1.983995704,35.6810,true,2.274508268,1.395691044,0.1306623703,0.6663899733,0.7365438134
alpha1.0_Re2800_Csep0.7_Cnw-2_Cmix-0.2_Cjet0.8323_Cturb2.5,optimizer,2.456719225,38.4142,true,0.7,-2,-0.2,2.5,0.8322825642
alpha1.0_Re2800_Csep1.0351_Cnw0.1557_Cmix1_Cjet0.4834_Cturb1.3856,optimizer,2.016231208,31.6656,true,1.035078647,0.1557094406,1,1.385603477,0.4834377998
alpha1.0_Re2800_Csep1.5191_Cnw0.9207_Cmix0.3912_Cjet0.5747_Cturb0.898,optimizer,1.936835714,32.2113,true,1.519071976,0.9206967857,0.391237661,0.898042008,0.5747244198
alpha1.0_Re2800_Csep0.7_Cnw-0.1821_Cmix0.4703_Cjet1.2_Cturb2.5,optimizer,2.131231951,28.9033,true,0.7,-0.1821103492,0.4703100126,2.5,1.2
alpha1.0_Re2800_Csep1.6268_Cnw0.3335_Cmix0.8302_Cjet0.4577_Cturb0.92,optimizer,1.953857233,37.4472,true,1.626754026,0.3335006192,0.8301629283,0.9199694372,0.4576805774
alpha1.0_Re2800_Csep1.8142_Cnw0.4396_Cmix0.3039_Cjet1.0751_Cturb0.8127,optimizer,1.87572861,36.4302,true,1.814201693,0.4395864136,0.3038904612,0.8127217812,1.075074915
alpha1.0_Re2800_Csep1.4142_Cnw0.6694_Cmix1_Cjet0_Cturb0.933,optimizer,2.053178888,28.1564,true,1.414220894,0.6693786291,1,0.9330496168,0
alpha1.0_Re2800_Csep1.7735_Cnw0.4184_Cmix0.3433_Cjet0.6069_Cturb0.8062,optimizer,1.887800938,29.5856,true,1.773481216,0.4184188928,0.3433476977,0.806223676,0.6069332891
alpha1.0_Re2800_Csep2.0565_Cnw0.0025_Cmix1_Cjet1.2_Cturb1.075,optimizer,2.004685063,28.6217,true,2.056535882,0.002486575309,1,1.075044415,1.2
alpha1.0_Re2800_Csep1.494_Cnw0.705_Cmix0.3_Cjet1.2_Cturb0.7915,optimizer,1.900201398,31.6986,true,1.493966542,0.7050092984,0.299989833,0.7915163974,1.2
alpha1.0_Re2800_Csep1.0966_Cnw0.6275_Cmix0.7198_Cjet0.3302_Cturb1.3192,optimizer,1.978215105,31.2997,true,1.096563894,0.6274689045,0.7198362403,1.319205271,0.3302403392
alpha1.0_Re2800_Csep1.784_Cnw0.6619_Cmix1_Cjet0.9994_Cturb0.9613,optimizer,1.919880344,28.6802,true,1.784025803,0.6619247564,1,0.9612743259,0.9993752496
alpha1.0_Re2800_Csep2.1094_Cnw1.7114_Cmix0.1677_Cjet0_Cturb0.6278,optimizer,2.03416615,31.6412,true,2.109387407,1.711381935,0.1677231131,0.6277941167,0
alpha1.0_Re2800_Csep1.056_Cnw2_Cmix-0.2_Cjet0.5858_Cturb2.5,optimizer,2.234052893,41.9566,true,1.055955511,2,-0.2,2.5,0.5858300368
alpha1.0_Re2800_Csep1.1881_Cnw0.4462_Cmix0.4038_Cjet0.2079_Cturb1.0033,optimizer,1.949519863,32.3978,true,1.188055678,0.4461951951,0.4037547263,1.00326018,0.2078707471
alpha1.0_Re2800_Csep1.9676_Cnw0.4037_Cmix0.2695_Cjet1.0835_Cturb0.6726,optimizer,1.865281357,32.5407,true,1.967630361,0.4036626069,0.2695078544,0.6725571309,1.083451511
alpha1.0_Re2800_Csep1.7847_Cnw0.7248_Cmix0.7475_Cjet0.829_Cturb0.9675,optimizer,1.910141822,35.9119,true,1.784666904,0.7247635834,0.7474854342,0.9675317358,0.8289739536
alpha1.0_Re2800_Csep0.7_Cnw-0.2516_Cmix0.2979_Cjet0_Cturb0.5,optimizer,2.287359073,28.5364,true,0.7,-0.251555384,0.2978748843,0.5,0
alpha1.0_Re2800_Csep1.22_Cnw0.64_Cmix1_Cjet0_Cturb1.6135,optimizer,2.128830811,29.6177,true,1.21996608,0.6399787195,1,1.613531244,0
alpha1.0_Re2800_Csep1.7446_Cnw0.3698_Cmix0.285_Cjet1.0711_Cturb0.6693,optimizer,1.879678474,34.7140,true,1.744568511,0.3697800526,0.2849747739,0.6692730748,1.071060813
alpha1.0_Re2800_Csep1.4305_Cnw0.9912_Cmix0.3135_Cjet0_Cturb0.9474,optimizer,1.989168294,32.3837,true,1.430517767,0.9912405154,0.3134523522,0.9473882619,0
alpha1.0_Re2800_Csep0.7_Cnw0.0733_Cmix0.7255_Cjet0.839_Cturb2.5,optimizer,2.150368908,30.2032,true,0.7,0.07329300297,0.7254734745,2.5,0.838959038
alpha1.0_Re2800_Csep1.569_Cnw1.0531_Cmix0.7816_Cjet0.5159_Cturb1.0188,optimizer,1.968705942,29.0788,true,1.568991491,1.053060833,0.7815537831,1.01878186,0.5158890421
alpha1.0_Re2800_Csep1.4034_Cnw1.0254_Cmix0.4965_Cjet0.2257_Cturb1.0152,optimizer,1.978554407,33.5820,true,1.403401471,1.025437628,0.4965363077,1.015176221,0.2256820414
alpha1.0_Re2800_Csep2.0992_Cnw0.5431_Cmix0.1807_Cjet0.842_Cturb0.6684,optimizer,1.876042902,31.0383,true,2.099236011,0.543075974,0.1806976326,0.6684308688,0.841961256
alpha1.0_Re2800_Csep1.8111_Cnw-2_Cmix0.5535_Cjet0.4647_Cturb0.5,optimizer,2.510048479,26.4503,true,1.811095384,-2,0.5534568486,0.5,0.464683283
alpha1.0_Re2800_Csep0.8807_Cnw0.7761_Cmix0.2756_Cjet0.8153_Cturb1.1697,optimizer,2.019826228,30.3545,true,0.8807097317,0.7761415996,0.2756070748,1.169695895,0.8152868563
alpha1.0_Re2800_Csep1.2015_Cnw0.3732_Cmix0.6564_Cjet1.2_Cturb1.1808,optimizer,1.937089066,29.2201,true,1.201535819,0.3731879605,0.6563683881,1.180790525,1.2
alpha1.0_Re2800_Csep1.0295_Cnw0.5603_Cmix0.6936_Cjet1.0095_Cturb1.4604,optimizer,1.958797686,29.6955,true,1.029488766,0.5602724876,0.6936214223,1.460383671,1.009534243
alpha1.0_Re2800_Csep1.2725_Cnw1.1724_Cmix0.6038_Cjet1.2_Cturb1.2414,optimizer,1.995619751,29.9377,true,1.272469814,1.172350179,0.6037765511,1.241363456,1.2
alpha1.0_Re2800_Csep0.7_Cnw-0.0109_Cmix1_Cjet0.4379_Cturb2.5,optimizer,2.187636624,30.3689,true,0.7,-0.01088864326,1,2.5,0.4379392412
alpha1.0_Re2800_Csep0.7_Cnw-0.1477_Cmix-0.2_Cjet0.882_Cturb2.5,optimizer,2.110757915,35.5260,true,0.7,-0.1476804468,-0.2,2.5,0.8819534141
alpha1.0_Re2800_Csep1.5282_Cnw0.2609_Cmix0.4073_Cjet0.5726_Cturb0.8481,optimizer,1.923330103,28.9239,true,1.528178504,0.260906829,0.4073409065,0.8481369613,0.5725524846
alpha1.0_Re2800_Csep1.7699_Cnw0.5164_Cmix0.5195_Cjet0.8641_Cturb0.9247,optimizer,1.877844919,29.0030,true,1.769894283,0.5163530977,0.5195198004,0.924686077,0.8640864588
alpha1.0_Re2800_Csep1.2265_Cnw0.2393_Cmix0.6203_Cjet0_Cturb1.1159,optimizer,1.988827946,28.8795,true,1.226484156,0.2392757213,0.6203355537,1.115872512,0
alpha1.0_Re2800_Csep1.7333_Cnw0.4665_Cmix0.3573_Cjet0.8216_Cturb0.8429,optimizer,1.874583321,31.8540,true,1.733333986,0.466483474,0.3573071095,0.8429142959,0.8215910289
alpha1.0_Re2800_Csep2.5_Cnw0.4288_Cmix0.5802_Cjet1.2_Cturb1.0169,optimizer,2.022989506,30.1332,true,2.5,0.4287641529,0.5802375328,1.016917181,1.2
alpha1.0_Re2800_Csep2.3002_Cnw0.4_Cmix0.5257_Cjet1.1306_Cturb0.718,optimizer,1.967757038,35.2816,true,2.300175787,0.4000029717,0.5257056327,0.7179613658,1.130593034
alpha1.0_Re2800_Csep2.5_Cnw-0.0551_Cmix0.5948_Cjet0.8075_Cturb0.9139,optimizer,2.000573836,30.0250,true,2.5,-0.05509184539,0.5948369935,0.9138607134,0.8075286422
alpha1.0_Re2800_Csep2.405_Cnw0.57_Cmix0.2197_Cjet0.6123_Cturb0.6882,optimizer,1.889370745,32.4484,true,2.404971922,0.5700188375,0.2197236679,0.6881596048,0.6122845667
alpha1.0_Re2800_Csep2.5_Cnw0.373_Cmix0.2926_Cjet0.8059_Cturb0.7751,optimizer,1.922512271,29.9500,true,2.5,0.3730462045,0.2926100808,0.775081012,0.8059466654
alpha1.0_Re2800_Csep2.2365_Cnw0.4449_Cmix0.2398_Cjet0.4887_Cturb0.7569,optimizer,1.918436483,32.9963,true,2.236462607,0.4448949791,0.2398214212,0.7568598879,0.4886710198
alpha1.0_Re2800_Csep2.5_Cnw0.9794_Cmix0.1826_Cjet0.5296_Cturb0.5391,optimizer,1.950873475,31.3563,true,2.5,0.9794365674,0.1826206558,0.5391035268,0.5296148248
alpha1.0_Re2800_Csep0.7_Cnw-2_Cmix-0.2_Cjet0_Cturb2.5,optimizer,2.508333372,32.2032,true,0.7,-2,-0.2,2.5,0
alpha1.0_Re2800_Csep2.2902_Cnw0.6609_Cmix0.2052_Cjet0.6822_Cturb0.612,optimizer,1.881867801,33.9594,true,2.290192831,0.6608906511,0.205215104,0.6119750475,0.6822047429
alpha1.0_Re2800_Csep1.8978_Cnw0.5681_Cmix0.4924_Cjet1.2_Cturb0.8729,optimizer,1.885011954,29.3213,true,1.897756972,0.5681329202,0.4923958861,0.8729482528,1.2
alpha1.0_Re2800_Csep1.276_Cnw0.4239_Cmix0.8445_Cjet0.5418_Cturb1.1174,optimizer,1.936225295,28.7562,true,1.275955246,0.4239406983,0.8445072565,1.117353,0.5417974691
alpha1.0_Re2800_Csep0.7_Cnw-0.4656_Cmix0.2186_Cjet0.9006_Cturb1.3179,optimizer,2.1191796,30.5397,true,0.7,-0.4655884002,0.2186386992,1.317874004,0.9005589191
alpha1.0_Re2800_Csep1.2341_Cnw0.1106_Cmix0.3076_Cjet0_Cturb0.8866,optimizer,1.999462775,30.0365,true,1.234148467,0.1106164651,0.3076189095,0.8865576698,0
alpha1.0_Re2800_Csep1.7565_Cnw0.4638_Cmix0.4444_Cjet0.7304_Cturb0.8089,optimizer,1.886721816,34.0266,true,1.756527751,0.4638418828,0.444350668,0.8088911125,0.7303977488
alpha1.0_Re2800_Csep1.2066_Cnw2_Cmix0.1782_Cjet0.5944_Cturb2.5,optimizer,2.465113527,34.2903,true,1.206557276,2,0.1782323922,2.5,0.5943592382
alpha1.0_Re2800_Csep2.4407_Cnw0.3884_Cmix0.1869_Cjet0.6958_Cturb0.571,optimizer,1.879958492,32.5723,true,2.440701046,0.3883961819,0.1868688209,0.5710457575,0.6958189172
alpha1.0_Re2800_Csep1.2645_Cnw0.2292_Cmix0.8808_Cjet1.0584_Cturb1.1251,optimizer,1.939343151,30.7382,true,1.264494999,0.229240863,0.8807762181,1.125094203,1.058392726
alpha1.0_Re2800_Csep2.5_Cnw0.2067_Cmix0.2729_Cjet0.6564_Cturb0.5941,optimizer,1.937872808,32.1685,true,2.5,0.2066754275,0.2729068154,0.5940902141,0.6563971509
alpha1.0_Re2800_Csep1.4572_Cnw0.2248_Cmix1_Cjet0.809_Cturb0.9735,optimizer,1.963716022,29.7479,true,1.457189906,0.2247762913,1,0.9735028694,0.8090150272
alpha1.0_Re2800_Csep2.5_Cnw2_Cmix1_Cjet1.2_Cturb1.0061,optimizer,2.121013804,27.9632,true,2.5,2,1,1.006101412,1.2
alpha1.0_Re2800_Csep1.1713_Cnw0.5548_Cmix0.5982_Cjet1.0473_Cturb1.0644,optimizer,1.915361318,29.6421,true,1.171348177,0.554806695,0.5982154851,1.064358437,1.047256505
alpha1.0_Re2800_Csep2.3099_Cnw0.4277_Cmix0.1818_Cjet0.8341_Cturb0.6059,optimizer,1.86757308,36.5477,true,2.309886319,0.4277092031,0.1818442396,0.6058534839,0.8341170864
alpha1.0_Re2800_Csep1.021_Cnw-0.0489_Cmix0.6858_Cjet1.0454_Cturb1.1243,optimizer,1.994966376,28.1413,true,1.020966733,-0.04888588336,0.6857646507,1.124285125,1.045439201
alpha1.0_Re2800_Csep1.9537_Cnw0.369_Cmix0.6525_Cjet0.9174_Cturb0.9652,optimizer,1.908192851,35.3172,true,1.953672839,0.3689527895,0.6524500206,0.9652265558,0.9174303199
alpha1.0_Re2800_Csep2.3159_Cnw0.3524_Cmix0.1872_Cjet0.7181_Cturb0.6521,optimizer,1.894787729,32.7601,true,2.315902247,0.3523908956,0.1872109135,0.6521469492,0.7181290495
alpha1.0_Re2800_Csep1.5019_Cnw0.6654_Cmix0.7247_Cjet1.2_Cturb0.9687,optimizer,1.917990895,28.5749,true,1.501872813,0.6654065993,0.7247448689,0.9687321447,1.2
alpha1.0_Re2800_Csep1.134_Cnw0.8281_Cmix0.6326_Cjet0.7066_Cturb1.2791,optimizer,1.970338367,32.6357,true,1.134037417,0.828142801,0.632586376,1.279081746,0.7065766597
alpha1.0_Re2800_Csep1.8862_Cnw2_Cmix1_Cjet1.2_Cturb1.068,optimizer,2.068650207,34.4715,true,1.886179145,2,1,1.068035058,1.2
alpha1.0_Re2800_Csep0.7_Cnw-0.1641_Cmix-0.0016_Cjet1.2_Cturb2.213,optimizer,2.095266888,30.5244,true,0.7,-0.1641327576,-0.0015669975,2.21303455,1.2
alpha1.0_Re2800_Csep1.2939_Cnw0.1951_Cmix0.6459_Cjet0.3102_Cturb1.0175,optimizer,1.967991011,28.4755,true,1.293924279,0.1951194788,0.6458533689,1.017520621,0.3101941421
alpha1.0_Re2800_Csep1.8398_Cnw2_Cmix0.6259_Cjet1.2_Cturb0.9919,optimizer,2.045127273,32.3782,true,1.839818509,2,0.6259258874,0.991854419,1.2
alpha1.0_Re2800_Csep2.4511_Cnw0.6257_Cmix0.1806_Cjet0.7656_Cturb0.6055,optimizer,1.873152653,32.4283,true,2.451051128,0.6256583032,0.1806161174,0.6054728751,0.7656352564
alpha1.0_Re2800_Csep2.122_Cnw0.8866_Cmix0.5486_Cjet1.2_Cturb0.8564,optimizer,1.933504207,31.6445,true,2.121987631,0.8865715436,0.5486140884,0.85644699,1.2
alpha1.0_Re2800_Csep2.0997_Cnw-0.0275_Cmix1_Cjet0_Cturb1.1238,optimizer,2.095355836,38.8578,true,2.099746351,-0.02749831409,1,1.123780031,0
alpha1.0_Re2800_Csep2.0109_Cnw0.4772_Cmix0.2105_Cjet0.9902_Cturb0.6684,optimizer,1.85380045,37.7591,true,2.010904346,0.477212041,0.2105173493,0.6684038937,0.9902000219
alpha1.0_Re2800_Csep1.5365_Cnw0.4673_Cmix0.2409_Cjet0.1922_Cturb0.7793,optimizer,1.919530161,32.9801,true,1.536506983,0.4672573132,0.24086312,0.7793085931,0.1922019286
alpha1.0_Re2800_Csep1.3688_Cnw-0.3302_Cmix1_Cjet1.2_Cturb1.073,optimizer,2.012498319,33.5951,true,1.368793966,-0.3302221807,1,1.073016095,1.2
alpha1.0_Re2800_Csep1.6963_Cnw0.6059_Cmix0.279_Cjet0.9819_Cturb0.7582,optimizer,1.865158873,33.8785,true,1.696339535,0.6058503211,0.2789715968,0.7582171715,0.9818890713
alpha1.0_Re2800_Csep0.9123_Cnw0.7317_Cmix0.6895_Cjet0.7267_Cturb1.9023,optimizer,2.034943303,29.8453,true,0.9122667738,0.7317167961,0.689510364,1.902306479,0.7266518821
alpha1.0_Re2800_Csep1.3632_Cnw-0.1818_Cmix0.7086_Cjet1.2_Cturb0.9675,optimizer,1.984840812,34.0889,true,1.363199953,-0.1818256817,0.7086479167,0.9674690686,1.2
alpha1.0_Re2800_Csep0.7_Cnw-2_Cmix0.3413_Cjet0_Cturb2.5,optimizer,2.516648672,32.3984,true,0.7,-2,0.3412650569,2.5,0
alpha1.0_Re2800_Csep1.3235_Cnw0.6409_Cmix0.3112_Cjet1.0591_Cturb0.8707,optimizer,1.901889122,32.6313,true,1.323487921,0.6409027855,0.3111754682,0.8707121392,1.05911691
alpha1.0_Re2800_Csep2.5_Cnw0.3364_Cmix0.2295_Cjet0.9116_Cturb0.5875,optimizer,1.879313527,34.4384,true,2.5,0.3364079788,0.2294625247,0.5874871272,0.9115999363
alpha1.0_Re2800_Csep2.3229_Cnw0.4412_Cmix0.2339_Cjet0.9929_Cturb0.6643,optimizer,1.857541667,31.9777,true,2.322866182,0.4412451498,0.2339053424,0.6643421574,0.9929011926
alpha1.0_Re2800_Csep2.256_Cnw0.4831_Cmix0.2656_Cjet1.1084_Cturb0.7011,optimizer,1.860831203,31.5854,true,2.256030171,0.483115357,0.2656372234,0.7011053525,1.108418806
alpha1.0_Re2800_Csep2.4386_Cnw0.5287_Cmix0.2821_Cjet1.0509_Cturb0.6975,optimizer,1.863993428,31.0004,true,2.438638934,0.5287070389,0.2821125181,0.6975115931,1.050871053
alpha1.0_Re2800_Csep2.1184_Cnw0.4532_Cmix0.3495_Cjet1.2_Cturb0.7782,optimizer,1.878493188,36.8299,true,2.118378383,0.453219749,0.3495318865,0.7782186903,1.2
alpha1.0_Re2800_Csep2.3095_Cnw0.5718_Cmix0.2088_Cjet1.0247_Cturb0.6135,optimizer,1.853799335,31.3516,true,2.309507878,0.571789194,0.2087523099,0.6135425292,1.024734003
alpha1.0_Re2800_Csep2.3861_Cnw0.3897_Cmix0.2302_Cjet1.0663_Cturb0.6357,optimizer,1.863847573,31.0047,true,2.386105723,0.389699061,0.2301872733,0.6357072563,1.06631751
alpha1.0_Re2800_Csep0.8202_Cnw0.6024_Cmix1_Cjet0.4305_Cturb1.9136,optimizer,2.067565493,29.6125,true,0.8202011997,0.6023662887,1,1.913597998,0.4305086885
alpha1.0_Re2800_Csep2.384_Cnw0.5209_Cmix0.1932_Cjet0.98_Cturb0.6483,optimizer,1.860333408,38.7791,true,2.384013631,0.5208995129,0.1932025077,0.648293843,0.9800351307
alpha1.0_Re2800_Csep2.5_Cnw-0.4946_Cmix1_Cjet0.4707_Cturb1.0045,optimizer,2.09153499,30.1273,true,2.5,-0.4946200765,1,1.004472959,0.4707041082
alpha1.0_Re2800_Csep0.7_Cnw-2_Cmix0.2833_Cjet1.2_Cturb2.5,optimizer,2.463390931,30.7811,true,0.7,-2,0.2833395072,2.5,1.2
alpha1.0_Re2800_Csep2.5_Cnw0.4869_Cmix0.7874_Cjet1.0009_Cturb0.9855,optimizer,1.941438645,28.7548,true,2.5,0.4868896135,0.787382057,0.9855071464,1.000922132
alpha1.0_Re2800_Csep1.0967_Cnw0.2477_Cmix0.3176_Cjet0.3933_Cturb0.8382,optimizer,1.988918897,35.1778,true,1.096714723,0.2477482858,0.3175759075,0.8382450534,0.393334035
alpha1.0_Re2800_Csep0.9559_Cnw0.8676_Cmix-0.2_Cjet0.4185_Cturb2.5,optimizer,2.109624271,40.7737,true,0.9558691963,0.86756583,-0.2,2.5,0.4185469691
alpha1.0_Re2800_Csep0.7_Cnw0.9145_Cmix0.5572_Cjet1.2_Cturb1.7369,optimizer,2.301727419,30.4456,true,0.7,0.9145253294,0.5572209726,1.736880984,1.2
alpha1.0_Re2800_Csep1.0152_Cnw1.1525_Cmix0.3432_Cjet0.4664_Cturb1.5854,optimizer,2.06968575,33.1132,true,1.015199284,1.152480635,0.3431508139,1.585419881,0.4663604365
alpha1.0_Re2800_Csep2.305_Cnw0.6453_Cmix0.2924_Cjet1.2_Cturb0.6413,optimizer,1.891983051,32.0578,true,2.304957301,0.6452971258,0.2924422228,0.6412612581,1.2
alpha1.0_Re2800_Csep2.2078_Cnw0.5078_Cmix0.1807_Cjet0.9743_Cturb0.6129,optimizer,1.852999761,32.7281,true,2.207800073,0.5078267881,0.1806726162,0.6129261298,0.9742975625
alpha1.0_Re2800_Csep2.5_Cnw2_Cmix0.2171_Cjet0.8131_Cturb0.8423,optimizer,2.127443662,31.8208,true,2.5,2,0.2170687011,0.8422956447,0.8131256287
alpha1.0_Re2800_Csep0.7_Cnw-0.2608_Cmix-0.2_Cjet0.4412_Cturb2.5,optimizer,2.136082262,33.7106,true,0.7,-0.2608115662,-0.2,2.5,0.4412111763
alpha1.0_Re2800_Csep1.3814_Cnw0.8765_Cmix0.4612_Cjet1.2_Cturb0.9156,optimizer,1.936548289,31.2961,true,1.381429901,0.8764936915,0.4612239553,0.915641604,1.2
alpha1.0_Re2800_Csep0.7_Cnw0.6669_Cmix0.0567_Cjet1.2_Cturb0.5,optimizer,2.19834847,45.8714,true,0.7,0.6669455401,0.05666619423,0.5,1.2
alpha1.0_Re2800_Csep1.1431_Cnw0.3931_Cmix0.2619_Cjet1.2_Cturb0.7798,optimizer,1.937579283,30.4631,true,1.143126254,0.393083979,0.2619079904,0.7797843247,1.2
alpha1.0_Re2800_Csep1.4162_Cnw2_Cmix0.741_Cjet0.9968_Cturb1.3264,optimizer,2.097370942,33.5515,true,1.416168067,2,0.7409575219,1.326413293,0.9967995748
alpha1.0_Re2800_Csep1.3877_Cnw0.531_Cmix0.6671_Cjet1.0639_Cturb1.1205,optimizer,1.907884807,29.9254,true,1.387676413,0.5309637257,0.6671440646,1.120502009,1.063873653
alpha1.0_Re2800_Csep1.6607_Cnw0.4397_Cmix1_Cjet1.2_Cturb0.9319,optimizer,1.941046172,28.1823,true,1.660675795,0.4396629586,1,0.9318990044,1.2
alpha1.0_Re2800_Csep0.7_Cnw-2_Cmix1_Cjet1.2_Cturb1.5868,optimizer,2.431478585,30.6823,true,0.7,-2,1,1.586823199,1.2
alpha1.0_Re2800_Csep2.1353_Cnw0.5722_Cmix0.2028_Cjet1.0616_Cturb0.6429,optimizer,1.85788531,33.2186,true,2.135251588,0.5722077588,0.2027847938,0.6428630566,1.061621794
alpha1.0_Re2800_Csep2.5_Cnw-2_Cmix1_Cjet0_Cturb2.5,optimizer,4.135740722,35.2441,true,2.5,-2,1,2.5,0
alpha1.0_Re2800_Csep0.7_Cnw0.2418_Cmix0.2186_Cjet0.8437_Cturb0.7952,optimizer,2.103111125,34.3876,true,0.7,0.2417511936,0.2185970857,0.7952305879,0.8437250155
alpha1.0_Re2800_Csep2.0803_Cnw0.2049_Cmix0.7566_Cjet0.5891_Cturb0.9998,optimizer,1.966324017,29.1988,true,2.080266723,0.2048530417,0.7566413581,0.9998220629,0.5890611762
alpha1.0_Re2800_Csep2.0732_Cnw-0.6047_Cmix1_Cjet0.3999_Cturb0.9163,optimizer,2.066384398,31.2550,true,2.073157491,-0.604740282,1,0.9163110564,0.3998937271
alpha1.0_Re2800_Csep1.5361_Cnw-2_Cmix1_Cjet0.8407_Cturb1.0495,optimizer,2.298821325,29.7276,true,1.536071046,-2,1,1.049477148,0.840700653
alpha1.0_Re2800_Csep1.1389_Cnw-0.5397_Cmix1_Cjet0.8809_Cturb1.2726,optimizer,2.082709094,32.2981,true,1.138863744,-0.5397447583,1,1.272553261,0.8809406788
